6.030085062211473224e-01,7.962625777908264313e-01
2.790624031989803466e-01,4.210857709262854631e-01
6.840802640192227280e-01,8.555555723142719282e-01
8.384431253013349128e-01,9.762024525123406127e-01
2.213330146559766565e-01,3.462863723430524843e-01
1.641954740590437500e-01,2.834074847008820619e-01
1.653953595298278678e-01,3.150518237886539841e-01
7.399483398064415907e-01,9.356359064034542872e-01
1.154163196040315920e-01,2.693884440147841230e-01
2.894305419778420707e-01,6.528880940715106052e-01
1.813132603521680208e-01,3.779113580445676024e-01
1.411874361950447854e-01,3.150422092104880889e-01
7.108047460265632944e-01,8.747604702411231337e-01
1.092526125466101034e-01,1.320760157197257145e-01
5.012863935701145079e-01,7.720235469327293432e-01
4.551038838489524507e-01,7.199959563126653306e-01
5.628496138173955110e-01,7.871483959681404574e-01
7.833466235676669887e-02,1.149467199378602367e-01
1.596906042858481367e-01,3.703142262632181936e-01
1.368652996574811764e-01,2.047261093991465664e-01
1.779300225459830576e-01,3.560307552361053340e-01
4.247139939334338976e-01,7.621990231189273990e-01
5.684789785199563239e-01,8.973401203047247643e-01
1.899878173953961080e-01,4.163000229164371402e-01
1.916842091461911646e-01,4.261225129491807428e-01
1.411869020052164969e-01,3.653204053784583349e-01
1.869320346200529365e-02,7.323331233898645876e-02
1.813729848317729432e-01,4.433990465955788274e-01
1.665535758947753464e-01,3.954230367156192361e-01
1.661123925181560435e-01,3.506639152214118815e-01
1.414358002324926089e-01,3.601766763916223746e-01
1.471175050894626413e-01,2.984683604270279011e-01
2.557746041302585427e-01,5.034047883370627030e-01
1.521491320857089602e-01,3.854895391746311906e-01
2.067946838139144705e-01,4.052641846700615336e-01
1.334408302838027693e-01,3.200251000478678831e-01
1.100115788194191285e-01,2.334459304176434713e-01
1.638464478879306241e-01,3.206082907643754698e-01
3.864449181077852513e-01,7.814413568912256247e-01
2.354675410247318579e-01,3.932457554726980775e-01
1.835250365388381155e-01,3.573125267446803366e-01
9.696530816807401310e-02,2.634037241331647072e-01
1.183983177645933499e-01,3.050236618362231478e-01
2.925280902931228638e-02,9.789647090289375908e-02
1.393542082389043202e-01,2.933525116230220608e-01
2.970618308302521715e-01,4.122320394489708550e-01
5.231460501436248078e-01,8.099669198017486194e-01
9.749744839443652555e-02,2.712823516106767641e-01
4.486941641269075881e-02,6.788210631482491375e-02
3.209523306829258904e-01,5.527966625798343969e-01
1.393429594615956113e-01,3.292437479894799179e-01
1.443997773888018588e-01,2.359270781926370852e-01
7.947318202056480319e-02,2.254983308224076111e-01
2.397334100207656749e-01,4.469817847626526564e-01
1.031012859966697892e-01,2.353227981268993241e-01
2.249105253659982318e-01,5.369791527920357854e-01
5.048427747025265866e-01,6.883620662864280426e-01
6.031984466062854100e-01,8.835489163123002587e-01
3.949265636320633405e-02,1.174991380457039852e-01
1.432418224659837425e-01,3.395920732494689953e-01
1.961398343690692186e-02,6.414297658104775590e-02
8.951928828325188270e-02,2.524819834649287831e-01
5.120977071725347773e-01,8.139967330603425921e-01
4.930936441815659266e-01,7.646789302026805180e-01
6.763830892789987614e-02,1.338481592180324475e-01
6.716809023487281538e-02,1.713856815605759309e-01
7.739106514625265776e-02,1.620498122766040050e-01
1.481955332601365694e-01,3.337886821493743494e-01
1.543515921350878672e-01,3.586394036925058537e-01
1.364854296848301285e-01,3.574819719853511435e-01
1.947323983514744061e-01,3.415390785852862043e-01
2.861681325826620059e-03,9.679482065697569970e-02
1.112025856516946076e-01,2.397598517790811012e-01
1.465213610600183680e-01,3.179141436652132002e-01
3.542915623313744322e-02,1.546609782847126469e-01
1.255084485787538728e-01,4.898758835903143094e-01
4.137873119871670613e-01,7.246043481537379760e-01
4.023205205944717089e-01,6.073263729934240684e-01
1.242877653031913415e-01,3.232479811468846331e-01
1.493799761873052245e-01,3.410158054843780984e-01
6.126558616011885429e-03,8.002513223562113254e-02
1.880102549916242149e-01,3.324480648172368769e-01
6.183050836636290182e-01,8.388468044199063334e-01
1.431756981378084492e-01,3.493819522706692604e-01
1.475769687837059641e-01,2.654461318652587831e-01
1.656055361496194256e-01,3.412852386746098032e-01
6.210618342562658489e-02,1.689722341823624019e-01
1.332952035992317208e-01,2.706242717704566147e-01
1.243839910035789975e-01,2.727487341149671396e-01
1.064609921248394903e-01,1.777554529638194214e-01
3.461722091678080815e-02,1.012446132136070320e-01
5.545733854046522859e-01,8.413160265222784373e-01
4.385437348862694651e-02,1.664275951951133814e-01
1.215162479796856043e-01,2.429533808650602422e-01
1.422904191574188293e-01,2.805684786270385978e-01
1.551597561530292935e-01,3.119100863428007631e-01
1.835344288706505511e-01,3.768723650483720711e-01
4.293092207195653986e-01,7.358438941032888758e-01
3.470262427858846754e-01,5.419181169566918976e-01
2.600670483912252418e-01,4.528314162486092309e-01
1.003546066738898318e-01,2.559150494949202215e-01
3.754862104462702854e-01,6.815241502489254311e-01
7.183824804630746519e-02,2.415741933599986069e-01
4.453426176623747484e-02,2.482882164027958027e-01
2.459779699892609972e-01,5.592350700749481041e-01
4.492004065763913201e-02,1.492198636930100464e-01
1.016797668361454354e-01,3.104797167898204480e-01
1.449793610862395166e-01,3.839831413845882224e-01
1.102076134426524245e-01,2.478671005826921514e-01
1.592748302243612024e-01,2.899526285731843234e-01
5.834768803251314528e-01,8.578314461965269588e-01
2.272416467437914089e-01,4.657771884402552298e-01
6.575794090754980559e-01,8.617711949970779939e-01
2.730620078552692398e-01,4.382908409023897889e-01
1.264164222465807841e-01,2.334737056778733721e-01
4.651323274958316656e-01,7.149151386100996985e-01
2.560880546186375395e-01,4.855658067558356050e-01
5.897934231640808989e-01,8.180097887608733798e-01
6.897620368989652861e-02,2.966682909450749639e-01
7.934189230063601883e-01,8.977774748349723888e-01
2.113197193801105711e-01,3.777457180457893804e-01
2.070692556155043218e-01,4.435315126925717943e-01
7.116254093646237622e-02,1.571593683289955468e-01
1.308179914610889671e-01,2.769544129623352502e-01
6.925909418637889170e-02,1.590193105503925897e-01
8.039462942306724313e-02,1.792631431780114803e-01
4.446476075932228045e-01,6.188399767643069094e-01
2.643696934234563978e-01,4.368565307283831523e-01
1.875152143019255813e-01,3.653589837885825586e-01
9.997401531077813042e-01,9.999393578558813944e-01
7.222686127735873651e-02,1.845794940528081018e-01
1.468294541977903656e-01,2.780735099522738674e-01
9.220768258090400460e-02,2.606530393580541172e-01
1.521855166732531683e-01,3.372563719806940807e-01
2.317503588465465725e-01,3.932858204340183295e-01
1.119711839688932037e-01,3.426717711354614337e-01
3.413460239777558192e-01,5.774233895782080461e-01
1.789571736156885806e-01,4.079542884637343270e-01
8.188337632534507804e-02,2.235882119116822664e-01
2.899551399042996636e-01,6.221384652071944021e-01
2.652941104018921928e-02,8.234197947140299567e-02
3.644882268498984002e-01,5.688841815344193309e-01
4.614201132114295612e-01,7.292081986792486870e-01
7.839183423997170275e-02,2.805656271311821048e-01
1.112293289943313279e-01,3.118895528474527890e-01
5.062868466400557432e-01,8.286343652416815475e-01
1.273902424596251304e-01,2.935042228601001946e-01
3.860271906804259578e-01,5.457239281916247409e-01
8.524544800842284720e-02,3.076003229856091870e-01
7.873379008196981776e-02,1.684738048321469950e-01
4.202193578478540803e-01,7.358606623248258316e-01
2.321262589906979146e-01,4.548765555306008013e-01
1.149274416038507801e-01,2.241811865056544950e-01
5.059345758448247077e-02,1.190224009983582298e-01
1.133253362061244773e-01,2.980002139814171835e-01
8.825701551081904794e-02,1.930475656447518118e-01
2.364373409380121638e-01,4.041564689142839173e-01
8.247233850969727664e-02,2.027168647856838202e-01
1.208437345903781573e-01,2.572664665379337801e-01
2.278283731541640156e-01,4.193552154566315693e-01
5.071519842204202239e-02,1.489761696149319858e-01
1.265695828148610536e-01,3.190293924001207371e-01
1.528729831267247874e-01,3.262902827413117213e-01
4.306136341102294318e-03,1.388054434429817534e-03
7.106931200219399059e-02,1.350372408144568381e-01
9.012347224518259259e-02,2.026541224683813258e-01
3.455623889515044844e-01,6.370154128265074212e-01
1.362536261318740838e-01,4.016823122565132964e-01
1.286372890537038072e-01,2.655089928048072201e-01
2.693349272425979435e-01,5.720085085574565520e-01
1.612473019360714521e-01,3.674525562107304189e-01
8.650654352431980110e-02,1.797292433508706488e-01
2.619275920449959938e-01,6.080129800202145329e-01
5.724791670440173563e-01,6.436729740542488365e-01
4.127318715158668216e-01,7.849686879124347927e-01
1.285529885889408475e-01,2.948152111106115414e-01
7.369213744952386735e-02,1.464129423420326981e-01
6.279792863007126469e-01,8.297191126251716176e-01
2.135820333451068365e-01,3.417416993636901434e-01
1.612366859957436727e-01,2.916774156829968212e-01
1.316414933159963385e-01,2.799695033916878573e-01
1.471639312225046514e-01,3.587041433199856799e-01
1.503120942180287967e-01,3.334479875703404983e-01
1.153259792965472680e-01,2.114607698947812975e-01
1.810287029547646975e-01,3.788116346323320838e-01
1.417009062496595584e-01,3.436539472370037651e-01
1.267835146891864162e-01,1.835051849437371041e-01
7.504137565489348294e-01,9.101651630268807747e-01
4.536303618437591972e-02,1.508494444966914649e-01
1.629518326812372520e-01,2.696813860955641351e-01
1.192328386105169780e-01,3.123714052990865242e-01
8.475548849749794944e-02,2.027600828352952300e-01
1.259450551184927991e-01,3.483981717315179361e-01
8.006476549040202340e-01,9.488472884857983569e-01
1.395757704692461021e-01,3.309973472008279072e-01
6.459224207851946287e-02,1.436094829031879516e-01
1.827353463324637439e-01,3.538605908739734240e-01
1.062853426768464032e-01,2.342105016597465783e-01
2.165942392707636277e-01,4.824120876409882519e-01
1.971651920508423195e-01,3.555646699810020017e-01
1.632561661245001960e-01,4.081182780404563615e-01
6.608555977267179804e-01,8.975367072396632784e-01
5.778345081469047351e-01,7.327006781125448009e-01
7.207765630913821608e-01,8.170139718666228346e-01
1.223774082968218657e-01,2.888006760080304436e-01
6.169811008140202446e-02,1.515209338447242593e-01
5.437275341322290734e-01,8.374821604335078717e-01
5.394775162246512323e-02,1.391129066599677833e-01
1.371669743467809621e-01,2.895762311592720573e-01
1.059352729060883819e-01,2.800259268228860732e-01
1.540204068435468976e-01,3.254242037136180210e-01
7.076406536536894269e-03,7.030021735934153908e-03
1.293992245708674438e-01,3.081037756728538524e-01
1.918454109770208471e-01,2.514303762628643524e-01
1.598296713306600891e-01,3.110722194975583110e-01
5.766510685777196527e-02,1.365185980646332065e-01
1.691762519867675008e-01,3.540849983689906555e-01
5.178590154012785440e-01,7.581941513511785136e-01
7.643454090002550771e-02,1.813993032337277433e-01
2.192472714104224674e-01,4.669040135959380833e-01
5.761527269731291367e-01,8.508014503065562950e-01
3.190565159128925798e-01,6.825534640694096433e-01
1.341799274001949649e-01,3.223722162198490726e-01
4.759679838640201721e-01,7.307409067837773442e-01
2.847739946013165824e-01,4.883289404282447621e-01
6.979460228267380106e-01,9.327855348758167242e-01
4.906573787708713025e-02,1.446264379715765935e-01
7.609871520559134961e-01,9.225842000871123938e-01
6.200909653852380021e-01,7.858881994207220778e-01
1.260471868277173724e-01,2.591734500138213049e-01
6.062788851197787876e-01,8.750900374967889306e-01
9.825785770122907881e-02,1.288117225326695092e-01
8.657695735879723797e-02,2.141978550721632124e-01
4.550685495732560704e-02,1.088237046954530496e-01
1.050355400141273626e-01,3.047934342312527134e-01
1.642498172052480887e-01,4.068194920144388993e-01
1.102096030481828637e-01,2.410686589893785703e-01
1.658817460986562464e-01,3.408039621908643957e-01
5.760346603902625345e-02,1.471804809988881413e-01
2.215238894584660445e-02,1.147599180631779098e-01
5.970634701358724650e-01,8.812765313192321148e-01
6.080301487500819890e-01,8.741855679495743603e-01
1.820406818204385324e-01,3.717230021796166239e-01
1.441542218507151363e-01,3.185104193904164660e-01
1.016886680516961711e-01,2.130292800875332182e-01
1.146838591988150746e-01,2.417088841397659893e-01
2.292394132465152001e-01,3.739663875311107777e-01
6.343632434671792053e-02,1.251197344872416184e-01
7.032633329299368963e-02,1.525321105148506329e-01
5.948089140961796556e-02,1.334196872265272782e-01
3.235109536788962070e-01,5.975739339475540923e-01
1.297538905232097917e-01,3.082322333686928206e-01
1.588320268146622971e-01,3.225423654425377262e-01
3.427092368943618905e-01,5.028299188508130735e-01
3.394249799954178748e-01,5.546679886691671113e-01
1.922357567302929726e-01,2.367750075777788898e-01
1.690879048571895527e-01,3.131908042887809329e-01
7.577453697803017418e-02,1.657945939734443430e-01
1.517097353893805400e-01,3.442149462430823537e-01
2.444753338072408466e-01,5.118233786997048451e-01
5.689156981119145723e-02,2.029647588550234361e-01
3.437550203283618599e-01,5.543845131080246125e-01
2.232620661377482107e-01,3.382643385495749944e-01
7.786625399671472936e-01,8.680934499842898333e-01
5.027981207961163684e-02,1.214386031135534505e-01
3.571279402685343524e-02,1.405820652083167310e-01
1.077846736318341797e-01,2.596129814868504693e-01
1.397309206435700946e-01,3.103975206906419704e-01
1.202497455782193109e-01,2.524151264741246181e-01
1.603031661281292819e-01,3.734408124935635342e-01
5.782056876221022268e-01,8.238815548644068398e-01
7.110144375358824764e-02,1.711333950812869154e-01
3.624271482108309961e-01,4.804986296724901296e-01
4.834593877341670370e-02,1.986084175179066991e-01
5.988858677163102495e-01,8.522916156086266515e-01
2.257124494138272597e-01,4.009467547604619875e-01
2.025615845801075066e-01,3.591386390949346530e-01
1.213568721930278621e-01,2.831974555408999783e-01
2.190766362358907704e-01,3.878464693760970694e-01
3.226743452779986532e-01,6.428754297526838579e-01
2.179511403511349976e-01,4.059486456136632837e-01
9.202034487045314404e-02,2.789989010923420998e-01
1.688616364263633152e-01,3.691942206527984438e-01
1.885811924642207815e-01,3.740639396116524629e-01
2.001155954284514205e-01,3.712337411929292896e-01
7.300199148510813085e-01,9.134422749841146771e-01
9.197706410505789021e-02,2.065788781539239227e-01
2.189562320008029417e-01,4.806277901934427610e-01
6.895441820447202330e-01,8.726919834025518297e-01
8.950436396800115491e-02,1.579790562171371204e-01
1.383069095625155676e-01,3.003440321231078958e-01
3.133197758527362514e-02,1.045653559893853779e-01
9.956041138996715723e-02,1.294444117122306726e-01
3.848013288350641409e-02,1.394456530870010758e-01
1.199100183542669007e-01,3.198862964074667414e-01
2.976591984436650629e-01,4.573514764162873725e-01
2.127756561005410829e-01,4.757185301478411565e-01
1.001895080048069431e-01,3.119794715567765775e-01
1.646123412907124495e-01,3.172604577329410369e-01
3.335271351644390481e-01,6.553991945094170823e-01
1.454115463554823406e-01,2.930381985821249313e-01
5.888681271083197055e-01,9.485547132445579788e-01
5.201767850425965678e-01,8.526043858614373860e-01
1.077379219150318146e-01,2.297935758410825091e-01
3.367253670229410356e-01,5.315957368835615426e-01
1.838640532418535922e-01,3.011863424214579199e-01
1.181637951102561673e-01,2.939448703383794603e-01
2.701196668543867085e-01,6.628063685366352153e-01
2.105037563856912985e-01,3.565722945455435111e-01
1.226894153006798799e-01,2.804707037296395589e-01
1.896897366509072702e-01,3.806756143013165228e-01
9.184514138606446332e-02,1.918108759103438477e-01
7.543543977789374244e-01,8.898123409885995150e-01
9.641129065951112298e-02,2.769364487593410362e-01
1.237233787732138907e-01,2.625875891999678857e-01
1.688592627869135443e-01,3.504606744186074541e-01
8.008812079904086001e-02,1.901440752308863058e-01
3.149742294944874454e-01,5.593159756967701624e-01
7.406441323362791262e-01,8.601336842996385457e-01
8.046251170662260810e-02,3.140509701232032103e-01
2.320433084540341473e-01,4.675296088915936177e-01
3.482202685172703926e-01,7.130133157577447367e-01
6.826206367446660539e-02,1.396408518080248240e-01
7.775624666037365962e-02,2.222754431253444463e-01
2.189688175158807648e-01,3.368083142591546397e-01
4.804152640787876655e-02,1.266655944552872171e-01
1.271908958783448951e-01,3.199324528923057076e-01
8.065355790364133748e-01,9.599787765708696075e-01
5.886573704714174182e-01,8.313532125159747155e-01
1.410079966856742917e-01,3.529982544069418804e-01
5.324905330474498655e-01,7.367285087399817467e-01
9.723905527439123675e-02,2.516163574524912239e-01
1.112510708634032730e-01,2.840397294077003365e-01
3.690182950921691574e-01,6.169688911803802300e-01
4.360373354575515503e-02,1.612415152115707351e-01
1.573282517826551374e-01,4.336681074573176531e-01
3.388363739658452611e-01,6.434879167556117885e-01
1.612578577494985788e-01,3.094591841541263211e-01
2.471947784598066689e-01,4.164281796008705849e-01
1.001821503940237973e-01,2.036339623420570233e-01
2.631709708626193273e-02,8.616725758911689126e-02
1.161787471336181293e-01,2.642644047349520520e-01
1.893255790600229527e-01,4.293516072150116991e-01
1.369661831580897549e-01,2.758279550506935185e-01
1.389956717847808665e-01,3.465103457654633567e-01
4.304190789927064137e-02,1.839798737570626230e-01
3.536414871144955008e-01,6.278109743004036680e-01
7.338101896975586236e-01,8.783043166092364684e-01
2.022554654624372783e-01,3.681876935299254749e-01
1.042622491709299937e-01,2.080082089758190089e-01
2.179889739456479236e-01,4.354013261107350652e-01
1.184425424932118581e-01,2.199542030786809932e-01
2.457412999295509048e-01,6.006655034752489408e-01
1.964693619355347143e-01,4.892512735573160687e-01
2.257766438739540471e-01,2.858316372827106600e-01
1.993533127643188074e-01,4.434735487596992987e-01
1.635784248199791957e-01,3.625370533299521747e-01
1.029330659483169846e-01,3.172325766327291352e-01
1.418750500252999314e-01,3.396854436683525713e-01
1.057454695693729740e-01,2.661945880266985975e-01
1.279952639418714955e-01,2.664242134382796556e-01
2.246106589202288006e-01,3.639620766369096594e-01
1.686051351859736980e-01,2.568497990066549996e-01
4.778181789665950779e-02,1.152500235792738859e-01
3.008518214305652139e-01,6.124340302910358247e-01
3.567478178132175992e-02,1.364531207289027825e-01
1.409921128695268699e-01,3.571848480362723732e-01
8.575860043781567688e-02,2.572249756749688809e-01
5.230384302987833856e-01,7.400826511782964134e-01
1.835285217305924199e-01,3.347563931286249295e-01
1.812621668109545559e-01,3.260963205659591635e-01
2.086708262647464784e-01,4.446443590261265344e-01
9.461786121555300355e-02,2.191760734222215068e-01
8.820719516276269434e-02,2.425049380638580332e-01
4.797128469495599568e-01,7.404275564103678375e-01
5.703062918978001328e-01,8.319962250952928073e-01
1.037000561533813064e-01,1.780933728533742599e-01
1.570189788652865126e-01,3.473819983076136819e-01
1.579737969010127641e-01,3.637098635715881878e-01
5.743197421034475225e-02,1.246590711569810217e-01
2.332912469487087859e-01,3.732872329496046415e-01
6.062809834062409670e-02,1.276962413074787805e-01
8.649049813713879931e-02,1.517188721157290143e-01
5.175317391819268115e-02,1.531574892487066186e-01
9.024354031310052870e-02,2.388394381277363365e-01
3.294451850543574367e-01,6.998720900633014219e-01
7.584985666861441267e-01,9.203270917388286509e-01
1.093753448835597109e-01,3.106354664804378829e-01
1.751004416253149620e-01,3.013540290531709354e-01
1.225388018394724388e-01,3.092953391786547601e-01
1.552867829982199910e-01,3.662683402585568682e-01
2.766491553216235966e-01,4.956832583035795659e-01
1.586606303282050712e-01,3.222123242278905342e-01
1.011946282387642115e-01,2.447471601513436512e-01
3.954053165666268077e-01,8.225818489919929366e-01
2.141464230599892382e-01,3.780068358473419599e-01
1.929763851607574909e-01,3.969742417405184298e-01
2.858149758951998853e-01,6.292391434585554721e-01
1.422771030002189518e-01,3.519540950722038208e-01
4.384126986562735806e-01,7.344224949186413109e-01
8.603289793899029925e-02,1.904739178239083230e-01
1.861112749698753677e-01,4.030916793872330040e-01
4.915017403133118412e-01,7.839698205507497075e-01
9.427604166969158483e-02,2.464437364888528159e-01
2.339300183175879455e-01,3.594959041087276708e-01
2.147028568080752153e-01,3.835303413904416758e-01
7.419191563116205312e-01,8.940805335465248360e-01
1.436524556151279330e-01,3.295476706618423179e-01
1.038620857761395067e-01,2.464161053029871318e-01
9.106197971243561173e-02,2.568389992756791029e-01
5.404625082660070579e-01,8.170576283169364018e-01
1.104346748660121058e-01,2.707470361948320359e-01
4.538327435757080058e-02,1.416200451508772551e-01
1.067557746743297009e-01,2.059925271344584807e-01
1.403735477511240948e-01,3.388462841391127189e-01
2.827748408993581708e-01,5.011830405662908161e-01
1.120682940159678231e-01,2.545538228926918500e-01
6.253149163574944769e-01,8.729907317034952818e-01
2.622150819944946698e-01,4.624499789751596590e-01
2.700550554138436143e-01,4.801406106874628321e-01
1.329605035881586961e-01,3.980323035823285505e-01
9.855878132393526558e-02,2.532672038109112234e-01
4.603522187198594851e-01,6.870974546586703369e-01
7.840752592037608659e-02,1.769659259357544145e-01
9.864254290382007406e-02,2.538694930933899641e-01
8.210234674149295697e-02,1.866754573155950114e-01
5.585793621959563859e-01,8.389844032416924335e-01
3.427575328970132174e-01,6.655922979022304009e-01
1.662258660052314541e-01,3.821250029811470439e-01
1.785416762149458769e-01,3.243707820476993686e-01
1.642426413209452929e-01,3.809726819406998866e-01
1.288643446425733752e-01,2.812805533523497492e-01
1.165651695441282387e-01,2.611188927609427446e-01
9.983541533975250071e-02,2.352693094238661464e-01
4.679392758390307772e-02,3.211562806710101525e-01
1.236353785200887817e-01,3.060023635583018486e-01
2.132844307633513514e-01,5.765405880165157537e-01
4.183486071119760924e-02,6.909984790056449000e-02
8.541791949670386741e-02,1.966532408475997751e-01
2.097708436845485969e-01,4.029440692188074324e-01
5.804264952012252454e-01,8.458585125797054571e-01
1.956841148908992356e-01,4.025532670252689460e-01
1.060589796014659997e-01,2.377435238502672854e-01
7.130486122255191850e-02,1.319069389331063991e-01
1.358795126739719694e-01,3.608905888251862093e-01
6.338864974465531210e-01,8.697607295328272370e-01
7.805556400131060668e-01,9.496405375988316022e-01
6.959694463012191523e-01,9.262457823800357426e-01
4.894943968414573743e-02,1.208717124916348917e-01
5.430610208380987070e-01,8.276072552787082648e-01
3.913340796494026441e-01,7.291301392658381397e-01
1.946442712879837833e-01,4.317647863186082624e-01
1.028041203183554242e-01,2.124724389094861943e-01
2.314234677864926704e-01,3.949617192583844694e-01
1.633144152097271706e-01,3.356309454722520846e-01
6.197709340501753039e-02,1.537666706288970397e-01
1.672611644672480913e-01,3.621968407330257156e-01
5.160877344428856095e-02,1.238697195362530312e-01
6.818202619258277586e-02,1.020172866082680319e-01
4.589507672418515205e-01,8.185574978325205198e-01
3.516966536299417911e-02,9.794085724676405980e-02
7.681536280200944589e-01,8.877280916031339286e-01
1.758751737301341433e-01,4.389467318379874916e-01
1.931279514332291392e-01,3.735979236604593523e-01
1.443035084903208365e-01,3.357365866984380331e-01
2.521537484852267030e-01,5.132533341961049711e-01
1.147201823543210070e-01,2.201930284511459113e-01
2.040072097485841340e-01,3.867122457849347383e-01
1.213204824685550909e-01,2.724413057649994196e-01
1.434406977801705729e-01,2.993234853387606864e-01
1.031305043257948195e-01,2.634439570976737088e-01
1.384999142312574871e-01,2.757799613206167733e-01
1.775643554672965141e-01,3.658043987849847745e-01
2.446933763415242991e-01,4.502588454538670737e-01
1.228315573575613356e-01,2.870426451706335480e-01
8.286396635400331001e-02,2.210523842056133226e-01
5.704104911370208586e-02,1.332314326412112060e-01
5.335797488349500739e-01,8.696706749788674085e-01
8.115591421964045427e-02,1.782540802369486921e-01
1.532034861010329596e-01,3.522579200645009623e-01
7.146307286316265772e-01,9.085922042382594821e-01
3.628763901075984233e-01,5.569755949532220196e-01
5.029627762885736653e-01,8.466665031870472813e-01
2.620794733110479169e-01,6.045054211345083361e-01
1.535039960462435127e-01,3.387861182794175141e-01
7.242585795889154854e-01,8.545294975177624153e-01
9.230118251883796809e-02,2.454833288649352907e-01
1.012260880594002543e-01,2.338772340605997924e-01
1.513924116363339345e-01,3.793464574949124701e-01
1.520934382323325118e-01,3.318725311338161510e-01
7.724100169387032588e-01,8.714716719450875670e-01
1.107172178348088537e-01,2.570072699328438404e-01
6.804503831967887439e-01,8.932331773477593106e-01
1.269573650727120195e-01,2.656684193065164679e-01
4.750957943963103891e-01,7.118013248329954079e-01
1.214034592024003795e-01,1.821716643810075420e-01
1.816009890220669221e-01,3.522589241310334351e-01
1.380492429041735025e-01,3.090879383830768545e-01
8.264366357561574172e-02,2.472749969591515329e-01
1.347668310966468330e-01,3.704355736337123228e-01
1.475685909739579693e-01,4.016839801949780298e-01
2.185239701160252290e-01,3.534560388182905744e-01
1.167796099702550494e-01,3.021161525437105477e-01
1.136454278393288081e-01,2.392112261963269260e-01
4.851345372730603289e-01,8.742203521474867234e-01
1.133552115099530494e-01,4.739954572343920147e-01
6.952542519146263922e-02,1.743463430290494998e-01
1.075872704619056236e-01,1.704125772314731002e-01
7.147565167907943273e-01,8.822688729370896654e-01
5.232123560401197304e-01,8.207856156661320624e-01
1.469114399384001679e-01,4.186726310904984039e-01
1.012547301141019235e-01,2.319979313283855871e-01
6.016523313082573765e-02,1.436824808969958400e-01
2.622071373928551719e-01,4.788058875661195257e-01
8.458881949216685847e-02,1.596444164068033800e-01
3.006098559005736942e-02,9.505000352686873710e-02
1.622045070629667407e-01,3.147470041403918617e-01
7.169173984056763649e-01,8.709504115237028943e-01
1.304716425031415827e-01,3.350300244383233594e-01
3.497457395360902832e-01,5.219916325281943603e-01
2.478871801358589477e-01,5.014184483741510601e-01
3.316147989263172891e-01,5.982764643629322476e-01
1.434250162992410926e-01,3.048764924607765270e-01
4.289993396020450739e-02,1.037814374778534832e-01
2.328266041723988516e-02,2.923751358730549699e-01
1.492270297085892261e-01,3.205022284327282978e-01
1.195725836934012215e-01,2.562998601331400450e-01
6.908602654742235227e-01,8.398808561116045679e-01
3.086450553231104288e-01,5.732824847715384253e-01
2.683878616365732439e-01,5.067094420153763767e-01
2.882207323414064937e-01,5.067970061712924190e-01
1.513113951199387686e-01,3.026307252577555285e-01
1.885660288643944416e-01,4.165089820141772980e-01
1.024153771346472674e-01,3.316565391463472401e-01
2.048678569315040832e-01,3.693231425535611900e-01
2.055736616889857482e-01,4.366423039035157161e-01
7.906828541002185462e-01,9.167550021875947586e-01
3.147694947385971664e-01,5.576135581279553222e-01
1.117558411630966975e-01,3.023995256683996713e-01
2.486704646389017170e-01,4.496459160225710905e-01
1.635608418255127816e-01,3.112388473577935577e-01
1.149842691340452819e-02,1.196301327661948577e-01
9.865388028115196217e-02,1.977804818320956226e-01
1.809201426429436488e-01,3.859430367271339812e-01
2.456895461044673323e-01,5.579538920282649528e-01
1.774772971006663147e-01,4.278421619019261990e-01
4.072784405560523902e-01,7.884429392130763992e-01
2.749745585685174978e-02,1.144433683190536621e-01
1.027023275021054505e-01,2.054049018608079535e-01
1.613134531920181747e-01,2.383335701105672999e-01
3.212126452439449387e-01,6.167625659111924952e-01
9.193343200480574851e-02,2.851875275825171419e-01
1.102261545508395613e-01,2.044487818360046227e-01
2.664594457179819131e-01,6.058958725135092926e-01
2.958740929106312700e-01,6.509901483300671865e-01
4.177644015490318830e-01,7.276536442740880739e-01
1.228512320927116902e-01,4.303031407784189133e-01
2.882515095744462297e-01,5.565311673933749370e-01
4.777266883873018677e-02,1.131329036410658045e-01
4.460206028853327953e-01,6.080350784209614945e-01
9.370302119247966854e-02,2.548234357939718753e-01
1.386731605184997329e-01,3.659504002274279189e-01
4.944252368957276211e-02,1.037801042043264704e-01
1.440679106578951485e-01,2.981255411890600948e-01
1.294378298744483513e-01,3.055613767880873688e-01
1.797441185878072972e-02,8.221821996548765721e-02
1.796111648104315173e-01,3.008816077726616522e-01
1.855606176522085482e-01,4.000241594984174087e-01
3.832043083788647109e-02,2.373651339698750473e-01
1.143843052386333964e-01,2.923369727979681088e-01
2.418827119754271560e-01,4.080115000859694807e-01
2.788398498966913608e-01,6.257277695671380480e-01
5.278927475968779592e-02,1.549734114928520423e-01
1.706875775550373286e-01,4.199052497561861497e-01
1.402186874818004414e-01,3.151741752986185752e-01
6.816790129432397094e-02,2.139433327969960663e-01
1.854345857496622341e-01,3.768786817747923901e-01
1.103271918701796001e-01,2.680244924010745655e-01
4.474269101338751442e-02,2.431811046834305989e-01
8.051374367694924539e-02,2.364833080501861640e-01
1.350544255961261264e-01,2.526251457074655260e-01
2.910641341769575896e-01,4.442362678569306000e-01
5.090217457578365134e-02,1.572321703314033814e-01
1.492722947961505897e-01,3.524817467838679552e-01
5.491946735266245438e-02,1.501530894239145597e-01
2.148686832657236145e-01,4.573260278321308880e-01
1.535585882106317301e-01,3.244495269152540828e-01
1.939895276244203715e-01,2.595362130994081085e-01
5.435136029038065836e-02,1.936069515828723608e-01
5.445091908773880968e-02,1.649447387865871917e-01
7.133085364761391212e-01,9.011941762049704430e-01
4.238165742294848215e-01,6.980384357096820480e-01
2.539788982169990939e-02,8.940055434170114668e-02
7.526510092169108601e-01,9.222236751625763063e-01
3.085878889823902571e-01,5.482617314059731184e-01
1.039893221553439828e-01,2.524552513700661360e-01
1.145421682047965128e-01,2.468854585351871189e-01
9.909449730413386059e-02,1.870357880703546749e-01
5.957117505432137083e-02,2.096286994417813077e-01
3.274338793737491260e-01,6.982240193038894427e-01
2.722687109872958811e-01,4.799763121611949068e-01
3.557152050138366328e-01,6.408318619453212683e-01
6.271087682900732263e-01,8.715873414661343688e-01
1.994545886745160146e-01,3.557040592456996442e-01
5.511559380922672474e-02,1.646524174142987851e-01
1.994112569990415806e-01,3.829883049525800720e-01
1.575044338469965000e-01,3.917926301031897651e-01
3.275299603289222317e-02,7.634464792266459909e-02
9.968236848157572272e-01,9.999472350705890245e-01
8.490311493720660574e-02,2.173508683632232319e-01
7.542707204224065320e-02,1.830718806525474529e-01
1.813475165627121966e-01,3.434833346648766828e-01
9.018019743989054426e-02,2.244434071354471372e-01
7.795405782784122772e-01,8.596338389175425254e-01
1.791259780105235178e-01,3.900467909917322284e-01
1.250076296831909850e-01,2.834679550856336050e-01
7.336867444632607649e-01,8.928646281167688104e-01
1.343134601467992628e-01,2.862886415391141526e-01
4.925306557913342737e-02,9.458471096455035865e-02
8.587378351806640442e-02,1.866477382071383417e-01
1.018973166216081694e-01,2.946738971397482865e-01
1.271423061914951635e-01,2.668395551797013154e-01
5.564259629086228953e-01,6.937646660381197039e-01
5.483040976152631085e-01,8.811222153645643651e-01
1.140698946804283159e-01,2.879349601906207590e-01
8.034710282257245817e-02,1.296860186713111318e-01
1.461349907518646740e-01,3.783151097183001244e-01
1.830112902212830128e-01,3.666387273795318480e-01
1.572666555123158338e-01,3.940394555715493463e-01
9.801105753981165236e-02,2.418497191223261400e-01
6.239716899598212185e-01,7.455817914356079879e-01
1.165839337385467106e-01,4.155272782485386895e-01
6.360911095779226976e-01,7.010592627777368913e-01
7.367776186654136916e-01,8.918841751413438823e-01
1.828338379032160288e-01,3.524230492754069077e-01
8.835822233401537107e-02,2.362482879712054229e-01
5.352081845816303307e-01,8.635682170815808245e-01
1.174689963287611910e-01,4.606734418326542957e-01
7.247433817531647726e-01,8.811966533948722979e-01
1.254521874901159684e-01,5.078345649694238073e-01
4.161983789881314455e-01,8.421669974738913433e-01
1.522488459160845353e-01,2.871907563236487659e-01
1.168468198741307168e-01,2.898976086616462666e-01
3.179157590167486225e-01,5.675126722538877955e-01
7.758041806655793793e-02,1.444436827779105870e-01
2.907189188566626781e-01,4.819178756782359074e-01
4.040304619340809311e-01,6.436295343379448974e-01
1.543142590392892477e-01,3.256887020802162747e-01
7.452684600935318704e-01,8.772465552645613007e-01
3.041966287517134174e-02,1.876415782812757005e-01
2.256307219397064578e-01,4.255889952823659339e-01
8.366338709422543873e-02,1.864437521616475191e-01
1.941954826514300236e-01,3.928393863771486583e-01
1.771563010642071834e-01,3.626330565031236075e-01
1.839382529525907528e-01,3.760172012767347693e-01
1.620069175373432258e-01,2.565268178161089763e-01
8.873791825898447172e-02,1.903577107122485235e-01
1.187290589251191325e-01,3.335846908053753945e-01
1.419536805077546981e-01,2.146444550168940812e-01
1.201362418576958496e-01,2.920096497753834619e-01
3.259682355603823467e-01,5.798640206220415649e-01
8.007691672948713535e-02,1.433590649412337104e-01
1.107292202842697915e-01,3.045331256112752683e-01
1.372667104470954857e-01,2.145577318773061182e-01
2.179330320030546109e-01,3.652809647117693514e-01
1.416054926727056962e-01,2.600939826196485560e-01
6.992406146846948944e-01,8.452778938444145407e-01
6.214695533082353202e-02,1.057568102793705195e-01
5.152957025430314753e-01,8.149742334525583720e-01
6.576025357397659032e-01,8.708099310391876902e-01
1.567642257700160024e-01,3.535971924956731738e-01
1.676911324580550311e-01,3.277960531150851953e-01
8.942632101542385969e-02,2.325655177082286418e-01
4.936030124505746963e-01,8.055247511885860190e-01
7.205990440377250117e-01,9.212647091744092798e-01
2.360859157434820332e-01,4.114606721670556189e-01
6.185559371723775568e-02,1.753543118363931619e-01
7.432518575386926063e-01,8.720180131824877279e-01
2.215943888505120807e-01,5.123551007872608754e-01
6.273892680599428562e-02,1.873656285320543791e-01
1.524537241952803601e-01,3.087703597895173901e-01
3.623653737947729603e-02,9.870875298112903595e-02
8.822019833177340009e-02,2.098007097836353807e-01
1.339894442512764849e-01,3.826745269811003269e-01
1.324214135802644077e-01,2.949035713439283057e-01
1.947465353497441487e-01,4.138770201136727778e-01
9.547010949478691938e-04,3.499369180017604664e-01
1.780106541737858095e-01,3.366199721327488570e-01
2.977549331364445218e-01,6.098123293287238678e-01
1.354731717555412163e-01,3.210682016097162750e-01
1.965204620865894924e-01,4.643760643096606078e-01
2.028315658661645482e-01,3.632460007997044271e-01
1.069941307042825834e-01,2.583472247662978449e-01
2.371707646699074828e-02,3.340606843249967900e-02
5.885666487117350298e-01,8.105014613223215925e-01
1.148045887505954876e-01,3.032296845184721534e-01
2.193593812564355039e-01,4.784115715745302366e-01
6.561904142604487733e-01,8.252594392788248356e-01
1.604445961666900108e-02,3.240501101893543678e-01
6.537699101734296692e-01,9.339882077140554406e-01
1.946611944560294183e-01,3.138179852378016887e-01
1.457581312318630140e-01,3.316760952288702602e-01
7.835710222936378977e-02,2.734386624708469160e-01
1.394566755185406015e-01,3.115548543705722873e-01
7.373306873088909530e-01,8.623243301868844801e-01
9.527110610604408447e-02,2.142939382876731524e-01
1.185346346327836448e-01,2.933562413991157025e-01
2.307199018756443398e-01,4.750721242324433824e-01
1.152477965185077780e-01,2.197095222141690618e-01
7.745721250196323515e-01,9.461088191154031213e-01
1.186836861633361745e-01,3.099205503589380628e-01
1.154346013362117090e-01,1.938469185079525481e-01
1.285918655570927049e-01,3.654410077506840548e-01
1.374790663909296051e-01,2.739593331920222585e-01
3.512238392607491821e-02,8.717738605466363033e-02
8.030514351745251522e-01,9.510861499937365293e-01
3.830615652201947996e-01,6.562908672162061086e-01
1.473532769332548675e-01,3.502974906377469000e-01
1.866537329528265843e-01,3.872112809972523828e-01
6.040102014740762471e-01,7.619531035449649270e-01
1.121794746513595509e-01,2.319595505455741558e-01
1.852405847717333853e-01,4.297674556998675177e-01
2.179871316975742490e-01,3.749429569486515401e-01
2.521968548353376027e-01,6.386223961808904503e-01
7.416544228468563427e-02,1.803729632927579818e-01
1.409289171441687472e-01,3.511525419015706362e-01
1.190657910460567181e-01,2.632549189789304966e-01
2.484977269209783790e-01,5.020399826194397175e-01
1.094905704986565836e-01,3.221247760252668457e-01
9.880228187401135509e-02,2.509209744422420951e-01
1.326223709442030663e-01,2.636672316852841647e-01
3.752567140352575104e-02,7.279340919121363163e-02
7.826210570987677251e-01,9.095861068477391065e-01
2.030094543017797459e-01,2.817937418321042053e-01
1.734079101304618065e-01,4.126104760911410430e-01
1.861160278367695597e-01,3.830329555654836682e-01
7.391954337065662628e-01,6.333522877876921475e-01
4.639657900206785590e-01,6.774049991345805211e-01
7.860911770572126533e-02,3.269894346742599489e-01
8.232096388378910834e-02,2.636100704190680322e-01
4.452574568212726569e-01,7.219574444894722998e-01
1.038914338427551348e-01,2.608103392959202349e-01
9.949292509707639842e-02,2.393240815827266388e-01
1.829748321402802635e-01,5.452125751194647485e-01
2.428113282804325035e-01,5.630858079066728417e-01
1.867810196684283608e-01,4.044728408129505959e-01
2.523765567370934715e-01,4.052670669630164535e-01
1.179878016364085958e-01,2.679069240601035240e-01
8.408726512336117676e-02,2.939456791262873847e-01
4.034217442757948718e-02,1.238744985786947167e-01
3.003954631635858408e-01,5.756382631316300236e-01
1.694770432600539722e-01,2.898583922998823614e-01
1.034154221683197816e-01,3.223353045016056906e-01
5.493475397073059874e-01,8.081286981324722341e-01
2.155417242889915153e-01,4.158430470763287423e-01
8.384370560310232257e-02,1.829537878276330520e-01
1.964362048723017895e-01,3.814227944549091198e-01
6.438943985101864831e-01,8.629034623451219410e-01
1.022617734573557369e-01,2.535790493517819377e-01
1.123530738931034362e-01,2.553490909897810357e-01
1.034841500729583724e-01,2.256434894964712556e-01
6.878143774036576952e-02,1.910858276733267413e-01
1.202666402092296277e-01,3.370119302341417211e-01
2.923146986404136505e-01,5.689442634785398800e-01
1.806809574182994815e-01,2.587401257118384645e-01
1.451038599485194036e-01,2.561561043520332870e-01
1.212675515742482890e-01,3.462908422728593894e-01
3.749329267962243639e-01,5.875878437754684658e-01
1.012155190208624891e-02,1.438678474812088437e-01
3.783484399993308073e-02,1.213149790133541406e-01
5.444708264164843659e-01,8.777455766174435681e-01
1.453864501355980610e-01,3.195830646563365685e-01
9.536518335339301544e-02,2.183105255340950235e-01
4.470795443300869532e-01,6.077891138673185978e-01
8.865426555770139494e-02,2.499639603138089361e-01
6.137514041680009608e-02,1.881062388490932491e-01
5.449941576216447287e-02,1.406908021786633933e-01
6.505382820652309828e-02,1.956564130571353810e-01
1.813295420328083773e-01,2.940980525173341742e-01
1.901139177148356563e-01,4.034226515912054389e-01
5.267074243145493384e-02,1.618039447116721707e-01
3.407261319485501150e-01,5.480113112118174534e-01
5.171204659788894986e-01,7.263388935478184427e-01
1.649088825066385988e-02,4.999296851927503144e-02
9.055854188225351264e-02,2.148909307776553368e-01
1.532532361729173065e-01,3.046928340574707184e-01
3.008759448596233788e-01,5.583106734369005508e-01
2.320982180691412156e-01,5.263942603741292858e-01
8.027362837054866085e-02,4.714199748240359422e-02
5.176310587883186098e-01,8.195490931981057603e-01
7.961935049917516494e-02,1.732822562451019899e-01
7.093095133433457988e-01,9.146889993520599393e-01
1.297727731490523895e-01,2.416328466124400276e-01
3.209534088721538447e-01,5.020455334386665358e-01
1.829297094023820125e-01,3.714782757201025576e-01
1.298517331190992830e-01,2.884722577910527885e-01
1.626679151747774665e-01,3.278114544370330230e-01
1.415911965120459637e-01,3.255468059075852794e-01
2.082400122956286903e-01,4.548698806646863657e-01
9.136264602376728550e-02,2.485762259428746512e-01
7.248309345764940292e-02,1.198066412213550647e-01
1.623045088556240856e-01,3.592954417032906966e-01
4.142735732994740072e-01,6.335438419990747638e-01
5.575314364805269290e-02,1.619068530301532582e-01
2.263132158981205899e-01,4.520790077353905589e-01
1.250182198947356327e-01,3.234727564138321632e-01
6.871143993876750455e-01,8.819214402380700646e-01
2.588046353059175742e-01,4.246685888823888977e-01
7.338048259226162551e-02,2.454363422332430655e-01
3.089011599843817790e-01,6.516577173150093216e-01
5.348553155508939394e-01,8.192203864907168231e-01
1.494211884194845130e-01,3.307843222660442062e-01
1.632036678465866586e-01,3.868202051008288178e-01
1.372354807495581031e-01,2.966441611723248384e-01
2.395912263768579242e-01,6.273978629303818000e-01
8.004355634733034686e-02,1.835644460522431465e-01
1.631486113402432492e-01,3.620235180394771324e-01
6.799074000387929362e-02,1.823819634284771229e-01
6.541616027161988312e-01,8.754478640768674769e-01
1.549348111060005473e-01,3.624024054169350251e-01
3.461606199331551670e-01,6.783945428642211839e-01
4.991955815867552548e-01,7.043021198776505676e-01
2.002901746574650976e-01,4.268298363253945071e-01
1.423252572428858886e-01,2.956286191469268410e-01
3.937948270859673583e-01,5.977298940234474500e-01
1.432080283949569710e-01,2.167573048718018924e-01
1.779668948082279989e-01,3.839419122574516674e-01
8.583949188835811039e-01,9.517668359411746160e-01
1.615134210639598278e-01,3.380266030234209684e-01
1.057811301727687031e-01,3.138009751921075341e-01
3.463188208671734158e-01,5.769980324427236296e-01
9.753296466854817492e-02,1.150817717521787770e-01
7.504427914375426389e-02,1.730440153204997888e-01
3.266189881604036338e-01,4.627738885774769773e-01
4.978187688328426785e-02,5.847434574705530352e-02
1.977822865957663823e-01,3.746113255235363204e-01
9.410740645301046703e-02,2.342731340517782423e-01
4.280418933501314860e-01,6.347825087010129375e-01
2.338388553670234238e-01,4.496308143330147167e-01
1.188410736643898125e-01,2.877183118415067575e-01
8.632808180626748706e-01,9.723088935859511839e-01
6.485491939576873421e-02,1.596308217656841888e-01
1.843781177155278395e-01,3.570736611317891218e-01
5.537033080586890865e-02,1.542329312425548826e-01
1.925303797009424167e-01,3.662332933170212024e-01
1.589452506330169268e-01,4.547868149222984435e-01
2.442259582065326590e-02,1.185423936321360477e-01
8.094216350206828725e-02,1.766787069460640236e-01
1.665160550595266298e-01,3.113686127464127540e-01
1.585588523528806415e-01,3.008210215409409805e-01
3.418823057386251030e-01,6.017173609677451962e-01
6.849204115949384386e-01,8.992746401395242950e-01
8.147433613187510248e-02,1.946017897748295589e-01
1.987383312759641862e-01,3.359918093400255379e-01
3.595390637213007334e-01,7.209456060335573957e-01
3.800773524273896864e-02,1.014299881540267900e-01
7.722688651385170022e-01,9.513184672542284170e-01
7.938668550231247067e-01,9.120820031599067290e-01
4.964388864410865243e-01,8.479947487142588392e-01
1.442149637778918358e-01,3.078287197617737836e-01
3.061069391134365464e-02,1.857853733842954047e-01
1.627888186491499856e-01,3.387231096767628347e-01
1.419401119811056766e-01,3.341676479016827406e-01
3.104809006259706128e-01,4.132098980979626024e-01
4.504330386410038689e-01,8.519086621567234507e-01
5.498460795151077773e-01,8.266842962399379990e-01
9.317354042641869116e-02,2.089180625147737946e-01
7.670932400868196721e-01,9.312911489158632872e-01
1.124472955413455405e-01,2.546721036442672892e-01
1.751950368219735710e-01,3.246169889404907360e-01
2.666750477701588240e-01,2.453560692706909796e-01
7.610935896244304388e-02,1.940109600374378407e-01
3.760156958986034942e-02,1.651396831006813615e-01
1.132471617513114981e-01,2.980851085005385426e-01
1.443616621133771705e-01,3.089555897421067954e-01
1.963684342798459048e-01,4.632448450945018115e-01
1.236887472057357634e-01,3.128773263214846279e-01
1.567048831984232393e-01,3.811939102224100595e-01
2.400675942002113983e-01,4.038227543416010312e-01
1.866546839997167972e-01,4.156791088165131542e-01
3.497997826635698693e-01,6.111327432968595152e-01
6.590827535557494676e-02,3.767240940929955095e-01
1.150888868997477360e-01,2.952726632738519874e-01
1.376972257841887481e-01,3.315421464745010316e-01
3.356282925588867094e-01,5.898612689421943722e-01
1.166477564131790517e-01,2.754933835556995225e-01
1.984288618071160526e-01,4.319154511287411347e-01
2.199114850093971951e-01,7.572646246150729343e-01
4.770651885637040568e-01,7.361526451190004705e-01
1.359151375299635645e-01,2.771483501110330594e-01
1.370005159244001014e-01,2.730441150425244601e-01
3.824791291066453186e-02,1.060248682119055152e-01
2.352648089288400801e-01,2.956020512420543533e-01
3.070067047055517473e-01,5.603584540587198681e-01
9.162911516316071814e-02,2.452494630204951620e-01
1.474058593202398348e-01,3.288032568002594025e-01
1.344953933511266464e-01,4.093321622912288738e-01
7.980278575892080228e-02,1.542359221059998176e-01
1.686579833158543262e-01,3.727876789048449879e-01
1.408941807649222999e-01,3.129754406415382051e-01
1.320801081225517482e-01,2.802279598666098104e-01
9.645031607707554855e-02,2.418601289873835991e-01
4.666745409826767582e-02,1.457641456915629852e-01
7.217757095019913804e-02,1.348600544276178370e-01
1.038924583404935570e-01,3.919640682277800714e-01
2.021619430755823565e-01,4.140421359615925057e-01
3.649076407005344413e-01,7.203010731779867504e-01
5.941692359564558767e-01,8.192685342081641453e-01
2.298402079783128382e-01,3.503948743551011380e-01
2.748901711090365185e-01,5.361217716687892709e-01
6.253446365640794591e-01,8.745517038685951539e-01
3.699540877765998548e-02,1.479333432687129080e-01
1.478287389127409812e-01,3.540333249027733387e-01
1.789616937573367261e-01,2.843069400266763913e-01
8.767154901294785252e-02,2.453628759906839041e-01
1.936087516226043387e-02,1.340857372466998931e-01
9.134964899098443891e-02,2.735641362588410730e-01
4.915322561309217742e-01,7.822958486039833792e-01
5.306044979053682609e-02,1.085316043910013045e-01
1.443401114763567528e-01,3.118987382197007663e-01
7.786115652823813460e-02,1.920827201780097027e-01
1.639715887795709925e-01,3.192300380719180208e-01
4.298998893529729082e-01,6.966434761366775419e-01
1.615880151631531592e-01,2.528628075900177241e-01
9.974951785360765266e-02,1.840804808036540507e-01
3.716806423655573122e-01,7.451047639485018914e-01
3.939636141169386985e-01,6.314488387757304366e-01
2.727086275464036813e-01,4.486120255859950001e-01
3.024025249447055974e-01,4.148699511405852247e-01
7.068450286105655289e-01,8.820876102738277602e-01
7.789895559977463857e-02,2.107965005246737467e-01
3.161078213437702455e-01,6.877249074403628537e-01
3.077480765339608570e-01,4.451879402256568863e-01
2.295586904890336011e-01,4.471215676937856376e-01
7.779572786195060319e-02,1.775068710745847933e-01
4.001260222473927985e-01,7.834907624749004595e-01
3.808610542096400597e-01,7.209496927019664048e-01
3.087358914854065883e-01,5.395928680312245262e-01
6.268780265813597152e-01,8.213253723004881879e-01
7.172398121726962783e-01,8.614076850690484122e-01
1.458873724757041579e-01,3.211874974218643097e-01
5.213732368653406501e-02,8.299963761777721938e-02
8.724496380444070331e-02,1.708578399049325292e-01
3.249954081478947376e-01,5.578380654680592521e-01
1.219735796811353135e-01,2.703198383293459739e-01
2.257431782342682325e-01,4.934879178643484243e-01
1.022657314583761412e-01,2.557276787974026577e-01
6.015643531826396773e-01,8.579642423989640720e-01
7.443404491092622810e-02,2.795012530635005432e-01
1.070533469743044502e-01,2.652027747432837979e-01
1.739557855648760087e-01,4.276636062840944441e-01
8.180343553732577488e-02,2.279202721393429054e-01
1.634640732752873638e-01,3.791288156776092544e-01
1.366827228238510217e-01,4.213645718303994370e-01
1.503501031205947969e-01,1.741506775404590424e-01
7.225555979061620837e-01,9.415739912025818947e-01
6.076565777951276059e-02,1.351422248780506374e-01
2.314212673752353289e-01,4.560188754463367355e-01
1.218516613768609452e-01,3.157109943105318450e-01
1.076246426853598448e-01,2.234432478207252493e-01
9.327400951029241050e-02,1.745517130049900889e-01
3.888951212388104262e-01,5.542236634672379481e-01
1.338479294391943519e-01,2.871840389593131038e-01
1.996095551173631966e-01,3.849768516725506351e-01
9.953257080848919303e-02,2.120327174829545192e-01
1.320632180248401955e-01,3.484604238264632503e-01
1.076978543745584216e-01,1.990317614654702749e-01
1.750919427392385597e-01,3.488269468437449339e-01
1.798776537769659623e-01,3.182331947460612098e-01
2.364009705516267601e-01,3.492732155512308645e-01
9.296321119750408646e-02,2.094770790118216930e-01
1.978350230695421763e-01,4.047049471842089630e-01
1.112504848948684538e-01,3.462086354739303262e-01
7.567306417644785732e-01,9.188177196859236284e-01
1.533765513723574780e-01,3.591804159582666078e-01
1.443589075558613100e-01,3.514857416665198020e-01
1.008372200861802348e-01,2.004272600018688899e-01
7.243636102070286631e-01,9.114037831693045932e-01
5.285206134473257045e-01,7.319183696989453036e-01
3.278476965320284986e-01,6.461338199451861497e-01
4.814525029990303073e-01,8.621648484894489650e-01
8.053887001012856039e-01,9.642735062856069295e-01
4.574123353485691212e-01,6.328161376364140889e-01
1.453217564686980490e-01,2.833555966988557939e-01
1.603973498506404693e-01,3.590255431719773793e-01
1.346906572727804841e-01,3.061362569743375506e-01
1.031489875693495928e-01,2.707726335679623841e-01
4.991634406759427184e-02,1.719837157062862887e-01
3.423150390072389193e-01,5.007031487233588596e-01
1.174387237681900620e-01,2.254189383723227691e-01
3.309369954124643520e-01,5.917501473537183365e-01
2.045749217328758085e-01,4.345127294956973585e-01
9.166179899117048169e-02,2.389257675960591021e-01
1.413313506480496362e-01,3.577046681396017780e-01
3.028741808168097793e-01,5.931523050158132859e-01
2.154529250187885436e-01,4.393314769392669406e-01
1.174315358356834010e-01,2.834364929780381348e-01
3.236906918570234826e-01,6.449390746927672335e-01
8.144549020963665065e-02,2.252842675982220932e-01
1.274136362939974898e-01,2.428794282923750769e-01
6.185107366569918275e-02,1.727378343539686389e-01
2.173829715194147347e-02,9.975874796035162639e-02
2.344708255185063983e-01,4.178792794756813755e-01
1.083435455251559598e-01,2.062383450067725443e-01
3.167500846378457080e-02,2.783774884203377153e-01
1.520428065232045933e-01,2.998097028191628044e-01
2.523980197752502264e-01,4.256361450378668421e-01
9.268592193474231578e-02,2.334672127778529560e-01
1.042311623706721063e-01,2.628105143839841729e-01
1.564644240279366438e-01,3.904427996702119485e-01
1.941176077714959203e-01,3.390534278925486644e-01
1.333561488907298032e-01,2.710440812395001897e-01
7.622019918670062955e-02,1.546481415240959223e-01
1.562972575142823894e-01,3.557331299546087067e-01
2.260136438230827549e-01,4.528887361814621371e-01
7.178206735683616280e-02,1.818872350897510759e-01
3.668859248150092150e-02,7.373511479470265528e-02
1.618681136380327734e-01,3.767609837451313393e-01
1.979149957400696547e-01,3.589026931685155297e-01
1.157264478547189862e-01,2.120998237754306570e-01
3.414917455149822367e-01,7.175294464785475501e-01
3.271706804317764949e-01,6.486874143706369278e-01
1.079683328562810601e-01,1.772390394231884714e-01
2.608335363452531364e-01,4.865542556522758355e-01
1.094337071984984450e-01,6.052489248967476421e-01
2.419323635178624310e-01,4.480681147252309482e-01
1.875693401804890970e-01,4.293535002380889920e-01
4.146118700062089713e-01,5.225922509376876857e-01
7.530469916658378837e-01,9.164318138101207323e-01
2.095841317644694390e-01,4.973853188755789634e-01
7.900578731997427717e-02,1.850497257973942877e-01
9.169656823437616344e-02,2.007506788393238761e-01
1.296691601925940851e-01,2.974922432699025343e-01
1.451302966760737445e-01,3.606562153342655064e-01
3.439095307259008583e-01,6.289624437450956895e-01
7.285477520194725276e-01,9.188402261416531713e-01
2.727322312370317747e-01,6.588426943354144250e-01
1.251035018393003573e-01,2.833975039881987401e-01
1.820923734425962948e-01,3.450601467990310200e-01
1.419438244286945205e-01,2.979871524886733014e-01
1.439893235352272260e-01,3.015934989294927759e-01
1.654173761464246828e-01,3.213663993398198637e-01
7.114307604862861734e-01,7.337704822458220866e-01
5.037160347863091081e-01,8.395620396717722311e-01
1.105043557647688024e-01,2.266931384353561840e-01
1.157708079842926646e-01,3.619617747357208315e-01
1.384953037005383636e-01,2.978009900380672592e-01
1.279353456985975468e-01,3.135000359044496365e-01
1.762616520098587991e-01,2.519760213625793499e-01
7.431753996870140710e-01,8.753004678867911670e-01
2.196339791212941761e-01,3.633638172879254946e-01
8.987595340237103381e-02,1.777558391810084570e-01
1.142606744976906313e-01,2.360826919770385168e-01
1.971773872848160969e-01,4.057384942169688369e-01
1.907370930303479706e-01,3.630538014374181111e-01
5.775244070074639913e-01,8.465837194363124985e-01
1.053069731358493993e-01,2.525256946334638597e-01
7.053183174730494054e-01,8.492207479395789127e-01
7.299442303573984436e-02,1.662408636630439418e-01
2.084397409460790607e-01,4.759691408990907591e-01
1.564262112652186898e-01,3.682073951178214677e-01
1.048069643560901737e-01,2.915629194065252339e-01
3.977640681360528618e-01,6.424918193287793011e-01
8.255265450186702325e-02,2.471653262552402086e-01
1.494352117328868468e-01,3.168268297451700133e-01
1.948502461961085508e-01,3.395855518000022166e-01
9.462435540761203467e-02,2.297576813433875598e-01
8.496305862192515823e-01,9.714704071773809790e-01
8.474956203986401537e-02,2.039682424795730420e-01
1.500712312985958141e-01,3.323881273531244518e-01
3.268731928594982294e-01,5.797404959123835244e-01
3.271696735886973073e-01,7.110507900361369149e-01
9.798527686725273800e-02,1.807201924194952458e-01
1.108485633124233899e-01,3.257637477828635442e-01
1.870129741628220044e-01,3.684082626198671440e-01
1.436860059825669778e-01,3.018183910143949489e-01
7.459186810110492172e-02,2.416549984232546078e-01
5.835758733258342851e-02,1.432418928550908410e-01
3.184375974615842320e-01,6.690366641545316684e-01
2.160671335439737217e-01,4.272236768471646129e-01
1.981266036310913858e-01,3.582264523582109894e-01
2.638493035045288426e-01,4.404220131467422861e-01
3.375490911492997070e-01,6.928779936432610809e-01
1.593012096185355830e-01,3.426239000407080848e-01
9.983399794448605258e-02,2.374448864665402725e-01
5.131680676010549336e-01,7.609750253489931948e-01
1.619526304241438452e-01,3.336568123068932579e-01
1.473819384853423398e-01,3.331932420269710926e-01
7.651484481352377465e-02,1.644965585686752607e-01
7.305667558761336222e-02,1.608563388939369676e-01
3.180443449958175739e-01,5.934811350942825747e-01
1.108767230400264786e-01,2.037575271940625099e-01
1.680751426696160677e-01,3.337624802095601750e-01
6.860977574225357589e-01,8.902810089543349292e-01
1.522757635196620718e-01,2.876310550432712443e-01
5.546282079959840433e-02,1.415751594382234080e-01
8.447461575579946758e-02,2.300092541817080061e-01
3.458778871201627081e-01,5.305414471097963380e-01
7.213075590949675764e-01,8.919593337959622614e-01
3.047518743428994648e-01,5.965736508699830409e-01
2.274370284902285100e-01,3.630422828903163701e-01
2.606367273864946821e-01,2.377175279760397331e-01
4.445884768921128383e-01,6.957652806791774225e-01
1.368912664385225630e-01,3.238997567281457490e-01
1.678146110514389389e-01,3.355908103588560731e-01
1.215840287344006898e-01,3.232732131216564664e-01
1.774047211063329021e-01,3.153968067948766385e-01
1.381458540177130656e-01,3.471820712522113439e-01
5.964857872569957753e-02,1.422994140615332359e-01
2.074809297195662761e-01,4.744803540059886471e-01
4.122306166920712833e-01,5.235663823981829834e-01
9.848783235364740041e-02,1.895248343376220446e-01
1.063537410202172184e-01,3.210184793887869703e-01
2.055727279382824901e-01,3.683256489025701352e-01
1.134739785943741502e-01,2.106803305291097272e-01
7.313656411970119731e-01,8.871691931625002026e-01
5.406076855207663234e-01,8.688214860201883827e-01
4.856892315329323639e-01,8.588316377184462835e-01
1.161301865899044133e-01,2.296073294431055511e-01
1.516759988916512036e-01,3.231357520583248988e-01
1.651593800323439554e-01,3.970833702683545519e-01
4.056044581101789226e-01,7.665746492771323695e-01
7.338360971930707466e-02,1.868729025416473455e-01
7.394158640071128996e-01,8.872099899907528453e-01
9.789450225029323882e-02,1.762644904300416371e-01
1.046997585221559196e-01,1.994775062822052858e-01
1.173071505236424755e-01,3.016511088839385901e-01
4.600843114006513135e-01,7.277177397547939242e-01
6.684955469992484578e-02,1.699761915032386717e-01
1.428681776680439108e-01,3.265735593393719882e-01
1.360261909967052929e-01,4.102570631662266765e-01
6.706737267865241492e-01,9.356704400477476868e-01
2.124038447007482455e-01,4.211433702940229895e-01
8.507614358182577496e-02,2.167060355697521812e-01
1.767311631609123634e-01,3.896153747291921099e-01
6.976773481877489580e-01,8.776222613881626833e-01
1.348579545734284735e-01,2.545272159498004338e-01
5.208386543198858520e-01,7.110291859230417622e-01
3.142343076447560168e-01,5.862583181698647339e-01
1.048792816773066738e-01,2.789278572919431931e-01
2.018936124906529073e-01,4.568725737641772255e-01
1.475451064768493747e-01,2.750553941086822385e-01
1.791806877590192415e-01,3.157250461448298795e-01
5.375276244879796383e-01,7.971994690260281180e-01
1.023126376914341162e-01,1.598222512071645063e-01
1.272992604285868856e-01,3.157244827437509227e-01
1.444000750243705777e-01,3.435778649100154625e-01
1.813477014797752473e-01,3.874763661813887539e-01
3.991408788462378898e-01,7.930764100067890787e-01
6.772245467060000745e-02,1.074092659943575861e-01
6.633395666153261983e-02,1.008015480364353872e-01
8.364316911487276740e-02,2.149388955308244031e-01
5.486683138949758343e-01,6.942625986422938933e-01
1.807341362003628271e-01,3.443401520477587519e-01
1.010006367876233047e-01,1.970241598843533171e-01
2.056283150053843101e-01,4.250433774230030770e-01
7.197227032133840519e-02,1.949120786655651472e-01
1.731612780392971507e-01,3.284908684931683864e-01
1.795047003650823148e-01,4.076881776287844539e-01
1.252856879381442912e-01,3.192929167647318711e-01
1.411112547768011982e-01,3.651549439219312632e-01
5.222381274587331035e-01,7.812182113852221832e-01
1.699847463067410414e-01,4.054602610611832691e-01
6.401570701541590136e-01,8.928555520934384759e-01
1.246112813401758779e-01,3.274308066939102813e-01
1.370512850486602374e-01,3.445768712865181493e-01
1.325485271271065191e-01,2.522082248662461113e-01
1.710728967770263620e-01,3.811383127704631724e-01
7.670508337965317724e-02,2.055778861609013353e-01
1.012924394205452355e-01,2.063512283341685238e-01
1.777213740061084901e-01,2.353480052486711382e-01
3.602166734435585660e-01,6.117211680001907181e-01
3.907140341201068012e-01,7.082238524905428712e-01
2.244531390377353663e-01,3.377561988286478800e-01
9.813524970210796283e-02,2.956152429191687969e-01
1.847287363122225023e-01,4.153948651097265632e-01
1.137604546996095617e-01,3.016734255070025461e-01
5.109629166251225540e-02,1.553713687376545860e-01
4.714702460193881395e-02,1.211328344803945939e-01
7.876444873954011605e-01,9.212052531634803421e-01
2.116408595798858205e-01,4.288959696969977253e-01
1.964605365976175022e-01,4.780101873685519975e-01
3.018677376498200560e-01,5.915036240110252974e-01
2.101191722206457654e-02,6.107299304609056789e-02
1.390811086274329755e-01,2.757512434523999856e-01
1.107746560773663208e-01,3.216694603865799529e-01
2.748762062632356118e-01,4.999944738731877392e-01
1.576737830779480487e-01,2.750821078284645949e-01
8.498100602095901013e-02,2.033311405636075153e-01
1.385938401733616820e-01,2.591423280410933838e-01
4.787585028282540511e-01,8.499000498392615954e-01
2.463461411056765971e-01,4.502007352348332270e-01
4.004567111468270157e-01,6.527057550301028632e-01
4.151897806375134392e-01,6.236245733317655748e-01
9.944252201415823555e-02,2.239694895063318869e-01
1.056314631658224340e-01,3.337291936095864164e-01
1.073928907857868292e-01,2.180281170065489771e-01
9.005134343963002719e-01,9.901071140310135910e-01
9.532058919510072448e-02,2.908181613941080990e-01
1.569577173831880612e-01,3.599046364933811137e-01
7.069754973284557709e-01,9.226455133935047570e-01
1.038603398176385223e-01,2.170052315844925583e-01
1.287708143724143051e-01,2.691638026937789863e-01
2.811800655684546513e-01,5.006396729489939190e-01
2.172203541698836671e-01,4.276036312126113015e-01
2.027177570804959417e-01,4.156237679226266191e-01
8.617548318998181911e-02,2.237920849462026740e-01
8.662147844179400591e-02,2.204928025184482998e-01
1.446188463940826230e-01,3.447569063444257953e-01
1.891489584287133485e-01,3.269083020295033837e-01
1.760139515433137569e-01,3.509239572367749971e-01
1.841680991905063902e-01,4.199390112522710106e-01
2.148092072792505969e-01,4.330466296482476940e-01
1.110616066324374984e-01,4.194509241976215330e-01
7.922342946677206621e-01,9.395747819636218745e-01
1.105580618117179142e-01,3.062754210180348435e-01
7.530337714849950903e-02,2.118713938719188339e-01
2.155148468238556603e-01,5.289923104570641854e-01
1.653716049784510755e-01,3.842932000572115148e-01
8.572925773505182812e-02,2.170865151746805555e-01
1.939030896671072313e-01,3.435921587489187967e-01
1.194719992271228021e-01,2.838704858981739299e-01
1.337452519009600660e-02,1.744261878437033952e-01
7.371849394656258825e-02,1.953543188882513049e-01
9.346202474124432058e-01,9.912437300245312555e-01
1.464998810737025425e-01,3.006914672790838017e-01
9.827522506216075371e-01,9.967208352457258558e-01
6.422662375378516975e-02,1.450232909717052432e-01
4.977735487719602697e-02,8.881325914218786421e-02
1.301342214956033028e-01,2.676101185135518756e-01
3.359310655456852479e-01,4.538961584310677866e-01
1.120038879681625466e-01,2.361413473865368040e-01
1.956574955431155116e-01,3.532758724777453896e-01
5.978282365067993931e-01,8.593179643006385593e-01
2.531685518523489609e-02,3.743905932601850756e-02
1.361571775334120271e-01,2.944798184725690438e-01
5.276220530876353232e-01,8.610981851715119317e-01
7.768493186216360868e-01,9.119070449087665065e-01
8.604227321664910735e-03,5.235189918415195098e-02
7.350439311425577271e-02,1.283326299456630237e-01
4.317702462863267643e-01,7.611572122180714217e-01
7.335068783935176639e-02,1.993299365946664126e-01
1.909808154736184760e-01,3.632890807017479240e-01
1.270046112707509944e-01,2.424220404858792033e-01
1.591837169828615450e-01,3.071599548428176063e-01
1.998279352284784982e-01,4.193694942052837438e-01
5.541452547108934867e-01,7.823992937675294801e-01
1.317340077064012571e-01,3.331980646275541358e-01
9.041220191714362253e-02,2.398225822447404842e-01
1.793338323208593654e-01,3.662891660196352372e-01
3.051380228676421891e-01,6.117177930039845446e-01
6.801109121976156580e-01,9.173055723620017199e-01
1.059109913295079863e-01,2.201863023122635488e-01
1.605777231135874783e-01,2.733719014943669090e-01
7.006874630319147590e-01,8.661892445756471659e-01
2.104336820654125195e-01,4.952113769420523059e-01
4.570889714012057459e-01,6.859290255927049662e-01
1.269718641453225771e-01,2.414211764657266113e-01
2.757876781358779561e-01,6.176268532809661149e-01
1.842163778343140212e-01,3.905177866195915781e-01
2.299168828124451003e-01,5.763830876100345391e-01
1.044795738299011262e-01,2.988474992713153755e-01
1.774197161064240691e-01,3.155123871220905651e-01
6.491275085871796996e-03,2.484858902052683449e-02
1.633510295372653798e-01,3.136137292868698689e-01
2.236971163674614793e-01,4.153118101871173806e-01
5.695856470058748844e-01,8.267659668761541125e-01
6.433703837546705939e-02,1.999125157493319149e-01
3.128080542244049411e-01,5.843518903913687002e-01
6.758399033601655836e-02,2.793415687408407622e-01
4.427051191253247309e-01,7.421055151672270034e-01
3.600966112877083680e-01,4.122325533221258831e-01
9.479245702461086553e-01,9.918259623621951127e-01
2.680426341832195525e-01,4.802729274072838894e-01
3.222576953568332958e-01,5.743689604650759062e-01
2.349096221378018864e-02,1.270926041498524062e-01
6.309211310692380836e-01,8.758781748658543975e-01
1.649490480338080545e-01,3.626507493323236075e-01
1.653625932935433585e-01,3.190072949962878268e-01
6.384452838246248985e-02,2.051304042249544046e-01
8.172153681050960128e-02,1.478053950423365293e-01
2.597664381983244564e-02,1.842043608223802864e-01
9.801580818300019426e-02,2.492125629575177026e-01
1.181503148795740310e-01,3.636795235122176617e-01
4.078753017094414735e-01,6.964080144191866495e-01
2.035742344558509054e-01,3.640644326133866682e-01
2.371521842485556364e-01,5.837728870479528265e-01
8.986660427368833859e-02,1.473486902279765309e-01
9.085807110446699753e-01,9.861721806693702908e-01
1.970582476015446394e-01,4.283881921686300553e-01
1.096901573098006816e-01,2.052365770155107627e-01
4.783655086635453246e-01,6.681844265435561425e-01
4.898182537951943638e-02,1.193948757308515574e-01
5.224781296821467969e-02,9.345957865300864864e-02
1.269953958348552792e-01,2.586050981060418752e-01
8.175700381891786162e-01,9.500314788931460974e-01
1.032247099180093747e-01,2.345061313765482991e-01
9.103205262242805573e-02,1.943658270605010674e-01
9.230830868844515369e-02,2.391264287535157518e-01
5.765023318955639908e-01,8.631483800632687720e-01
3.264780215406177383e-02,1.665769533758310883e-01
1.092602975880258565e-01,2.653879154700049536e-01
2.584967827043476718e-01,5.036893108695396082e-01
6.192800790269901295e-02,1.360348770224939219e-01
3.126745749989170292e-02,8.206120944160515129e-02
1.807037838299132559e-01,3.492785210619784864e-01
5.683113266701343980e-01,7.947279553252880602e-01
2.441067912016038621e-01,3.235140477071280496e-01
1.299293935594904859e-01,3.044358887758972787e-01
1.775222828157456689e-01,3.788863768729081594e-01
1.312547146797075626e-01,3.147880733182676360e-01
8.458093902540678166e-02,3.801097347250181890e-01
1.498756303849029803e-01,3.558581348922218446e-01
1.046240613824042792e-01,2.753477480410304601e-01
3.744317975912991869e-01,5.729504128411115893e-01
7.980492427796209709e-01,9.700423816621399631e-01
2.855457933614889421e-01,5.202148745632115823e-01
1.029330836415896649e-01,3.372462030562083379e-01
6.447388320733507538e-02,1.315484734335848060e-01
1.867248414775635745e-01,4.009491940382928221e-01
5.772784121749636732e-01,7.513289211595981509e-01
1.387244809592221850e-01,3.657524231525381420e-01
8.995620868968844108e-02,1.414026550668601445e-01
8.556626428145147623e-02,1.591699291338236344e-01
5.553043439977604079e-01,8.224275502411696470e-01
4.973083877535346836e-02,1.198574279620146649e-01
8.265401449322531957e-02,1.073874145020980581e-01
2.730417708748920647e-01,5.778733864220690908e-01
1.608419077423487442e-01,3.793233495762249330e-01
1.694403816276199015e-01,3.575902135008400262e-01
1.030841827936263694e-01,2.366537528166646753e-01
1.703328214962065434e-01,4.194636609983905529e-01
1.348709167263100472e-01,3.841867232684417766e-01
1.202232265319232302e-01,1.959956412967038542e-01
9.281988463703927383e-02,2.360337668684512613e-01
1.812026237683973806e-01,3.436423720134091919e-01
7.013930396372266562e-01,8.439195728197700364e-01
1.069891809455449372e-01,2.199590311975251067e-01
1.184617091796341393e-01,1.811397242571753941e-01
1.130934495958346303e-01,3.015937156646874007e-01
1.198844421255381293e-01,2.737696275593052286e-01
4.936805920348795729e-01,8.224228563294345706e-01
1.187528653339107315e-01,2.903146678481797194e-01
7.152354831964628790e-02,1.307357108244828758e-01
3.434084607686428425e-01,5.648928510612412079e-01
6.756635754000095417e-02,1.923537042237493666e-01
1.012339441068105250e-01,2.363075518461203728e-01
3.716087783668295952e-01,6.898968469255546410e-01
1.140861548274911125e-01,2.445397215083426334e-01
9.492683399686077661e-03,6.202508102450270816e-02
2.702675270658386197e-01,5.300556662256403762e-01
9.413495844961355941e-02,2.190455600479963294e-01
2.425620562874496178e-01,5.253271207329783810e-01
2.487013161678474152e-02,1.225593026886906689e-01
2.747828720501235278e-01,5.333363873330529970e-01
1.354563847641901964e-01,2.917173904769765902e-01
9.316633446901301241e-02,1.796602017612664859e-01
1.461671738835684242e-01,2.760502290501762324e-01
1.602061158980725153e-01,3.692582917150953881e-01
8.974114002609724638e-02,1.867467970804234656e-01
1.971359953750027594e-01,4.333581579246579829e-01
3.134310897642834104e-01,4.426918225771880322e-01
1.482894468938035226e-01,3.448618490551749183e-01
4.228804353055637955e-01,7.020389769750648989e-01
2.421935772986420765e-01,3.905109216724374499e-01
2.349393416568518883e-02,1.265716085452175399e-01
5.317315841634887574e-01,8.397670620085703197e-01
1.590356333340694484e-01,2.276109196925890643e-01
4.100212933914317015e-02,9.097679212705025997e-02
1.632357462565625361e-01,3.828657565187144618e-01
1.402280069769139270e-01,3.568366589072037853e-01
3.572635773710230445e-01,6.153741128012187867e-01
1.838951353782242448e-01,3.375237871789453226e-01
1.365450887863492169e-01,3.109808555501027971e-01
1.873437459296987684e-01,3.539089715115719126e-01
5.157670903342789076e-02,9.592482101712333786e-02
1.994687143983455979e-01,3.878461315081950245e-01
8.017279309762249673e-01,9.315431531028750545e-01
2.088546793384376266e-01,4.143147954531868904e-01
3.688792294455547904e-01,7.260176313042744356e-01
1.220204469311460399e-01,2.827835359911893276e-01
3.876648128635052371e-01,6.897991309192906817e-01
1.586880835811251833e-01,3.215346599323804511e-01
1.700193881768184423e-01,3.568842855909700185e-01
7.088406132968554374e-01,9.100213721927081778e-01
1.006433743684698734e-01,2.913733814655334320e-01
1.408152604136323482e-01,2.609869704365779808e-01
1.144980775465089529e-01,2.215918734050186800e-01
3.491742258300176704e-01,5.807265871814555336e-01
6.537680032504404881e-01,8.131987937585163362e-01
1.326845106407713859e-01,2.240681693656672580e-01
1.546639597934780508e-01,2.654471195699725228e-01
7.239322273649179129e-01,8.873988559008341159e-01
1.228959242597950641e-01,2.731058451045631497e-01
4.492667366364364590e-01,8.128436977734314617e-01
2.806335875774004784e-01,5.800745238065487808e-01
2.515138236463850263e-01,5.464974445229766609e-01
2.742635407139932258e-01,3.760735764392368341e-01
1.655131413451510769e-01,3.845930466828869632e-01
2.633377257446707365e-01,3.221522482484963090e-01
9.447764518389697996e-02,3.620122063344151653e-01
1.202452241735209454e-01,1.671833021685570630e-01
8.583678086493319592e-02,2.603404158089938636e-01
1.437797739877254011e-01,3.286375284211462966e-01
2.680015234565246152e-01,5.515765487985385684e-01
3.701005146656159706e-02,1.895250627562128920e-01
5.087147121692772167e-01,7.696136083087365964e-01
1.873651747321649352e-01,4.133454402227020319e-01
2.156233796175173190e-01,2.700999281943018970e-01
1.300827298921441444e-01,3.109144399349978993e-01
1.384183342770667902e-01,3.072112487494996769e-01
3.056128751658031550e-01,5.222702382364796669e-01
6.897163073486225482e-01,8.879534949102754204e-01
1.902531442982475784e-01,4.051990242345185345e-01
6.696915511322542036e-01,8.582558618232781766e-01
5.648718350980235225e-01,8.335790452654294747e-01
1.951605189833972298e-01,4.349177786530770695e-01
1.224399728279628591e-01,1.645644237073152216e-01
6.738701972756803160e-01,8.341907684076695917e-01
3.416152023000815774e-01,5.687890413444807169e-01
6.244866102740345704e-02,1.537823971263810041e-01
1.822882010649493068e-01,3.474195641837336535e-01
4.283028778729432440e-01,7.727412068542615087e-01
1.415117549477477865e-01,2.383515192017887918e-01
1.479936760237179072e-01,4.356755603825075429e-01
8.540154375653723484e-01,9.776451585892801388e-01
7.633990393727595192e-02,3.401342404388276730e-01
5.616414154848806822e-02,1.523609789480940280e-01
1.872270047305512886e-01,5.491862643203724303e-01
4.672299285234282618e-01,6.999378877487921757e-01
1.347446879544820786e-01,2.331423722030535328e-01
6.598907992105318421e-02,9.195058575459848227e-02
9.009824602768063961e-01,9.858594776626129486e-01
5.484328217977153808e-02,1.181630546089831452e-01
2.913124258425033863e-01,5.588148357188867932e-01
2.074998454177215679e-01,3.885433615573217203e-01
6.015088752744569556e-01,8.105538514139134509e-01
1.244714314528845289e-01,3.059530975235597583e-01
1.842730262369232930e-01,4.801673615939983097e-01
2.679300952107208644e-01,5.748166045949713032e-01
7.717067699465235409e-02,1.311263456522613058e-01
1.534828782615774156e-01,3.283786823566540169e-01
7.737762345864905578e-02,1.875960673782140486e-01
2.116632811879402554e-01,4.118433405457676555e-01
1.844742026019851877e-01,4.136127034744315756e-01
1.150795372761892199e-01,2.363487317266990961e-01
2.859149451702180378e-01,5.039037508066317450e-01
7.246153805822067029e-02,2.427283248912378566e-01
2.527745400541621668e-01,4.537981014565569682e-01
1.065658037212387499e-01,2.711198310230714115e-01
3.705475516511439471e-01,6.596368773648476624e-01
2.783555620878090942e-01,5.081490516957156700e-01
6.549858887086932313e-01,8.239236842912950332e-01
1.163325860669936068e-01,2.457169597286704144e-01
1.400301304840051719e-01,2.971709646971936181e-01
4.714095297227163112e-02,1.094356011883197699e-01
2.134475163949275667e-01,3.669117627354288036e-01
4.526360946785110834e-02,1.774670872771491603e-01
2.820063942513595934e-01,5.093814239574855351e-01
6.665590841710045122e-02,1.695077225421002531e-01
1.710039977886373130e-01,9.775871125599250311e-02
4.014602945737714701e-01,7.113766020725077466e-01
1.236023243751073475e-01,3.227639100931162797e-01
5.080784504107687116e-01,8.893860336961637580e-01
1.338955896860008210e-01,2.973555468699722870e-01
6.733178400814076037e-01,8.843844298585818997e-01
1.627323477865391943e-01,3.124295427308304562e-01
9.038723151256720933e-02,2.098010669680001605e-01
1.121200860679010675e-02,4.853997923231312406e-02
5.034764064549892559e-01,8.369342904862988597e-01
2.892478121119252399e-01,5.581164816730134204e-01
3.703240350298919736e-02,9.579207016827198662e-02
7.225503665206871318e-02,1.806539610328675161e-01
2.715548259723143953e-01,6.041744346514242858e-01
5.511327471840212766e-01,8.093281733666668476e-01
2.035061538266091929e-01,4.389613396117787447e-01
2.683902044161919909e-01,4.673176396796639431e-01
6.107265273292876717e-01,8.125163791670280133e-01
1.184028657558154063e-01,2.204017475578415597e-01
2.485674995651662167e-01,3.771960569007412056e-01
4.062031461954398459e-01,5.463449976199061808e-01
1.228779363885706827e-01,2.331875673419504802e-01
1.590896612781223796e-01,3.702727912335451732e-01
1.147253142123201841e-01,2.405167388867975320e-01
1.495698353285904170e-01,3.347271194661962102e-01
2.494755378893901421e-01,6.072916354308058873e-01
2.271739881704261110e-01,3.498445186180252353e-01
2.657632221388447902e-01,5.854223107409248783e-01
1.205814497143386371e-01,3.162452932794246330e-01
2.519151393973094177e-01,6.246110473044997891e-01
7.582466606753379690e-01,9.537911515823119801e-01
1.093097010536819291e-01,3.193505907979803382e-01
1.493548691971063325e-01,3.305489986153162252e-01
8.224385619574840767e-02,1.559105517735229207e-01
1.657998359362033158e-01,3.338040462575058709e-01
3.973473279138737407e-02,1.404711180600697329e-01
1.984889962594127422e-01,4.106206220526690265e-01
1.323591447050048719e-01,2.806724825230140219e-01
5.008652858684865122e-02,9.033873724123717142e-02
1.130667271864141815e-01,2.499425082784412222e-01
4.730959309861052647e-02,1.054426153835945484e-01
9.347854879386857663e-02,2.086455240425909852e-01
1.158466471546078930e-01,2.791242366450348289e-01
1.947877102087280377e-01,4.187455198589706273e-01
3.105604710828029913e-01,4.863119006932939969e-01
1.014429458465731237e-01,4.449396073038420774e-01
9.945985537619443650e-02,2.591145965523145023e-01
1.308314827267751945e-01,2.708609218001944430e-01
4.139131123955350766e-01,7.231472204222527678e-01
2.156861284389160471e-01,3.757840781895213089e-01
3.229553690175923641e-02,7.308839488790173922e-02
2.143894227826058096e-01,4.027695896721287250e-01
2.036437260726255138e-01,3.858773079326182076e-01
4.737816364796456625e-01,8.311549204987932482e-01
8.527686377260296213e-02,2.080825892681263667e-01
1.418992943346833457e-01,2.168164355548474476e-01
1.346559654711445286e-01,3.810380087544529837e-01
3.631500427927488728e-01,6.216994374702626835e-01
1.363026190970530460e-01,2.742830369147067349e-01
1.186213295811427010e-01,2.832347976440164339e-01
1.516082930366174641e-01,3.471297270695976045e-01
3.110482945931300480e-01,6.179718529886093492e-01
1.549315970459330116e-01,3.539929603943533509e-01
1.447763041416444754e-02,4.197668619586085448e-02
1.225582542003549047e-01,3.261738541879181108e-01
2.667785247832528753e-02,2.126833649182464647e-01
2.199002071301318917e-01,4.484103281093853588e-01
6.434043686827015107e-02,1.737475077624532072e-01
1.697943129902107773e-01,3.580369714541437043e-01
7.295900582433803017e-01,8.281196803892025837e-01
2.203588059076773686e-01,4.480482602088572963e-01
1.049862706755904374e-01,2.293152414909267467e-01
6.811411687304066431e-01,8.863976747494063391e-01
2.381797615475367280e-01,5.695026297286148731e-01
6.517759467257748518e-02,2.529404820254658182e-01
3.253609726043064088e-01,6.456685805525550492e-01
6.846189317604918223e-01,8.891808328317869492e-01
2.555585649756935140e-01,4.798539743185455397e-01
6.944582481029092091e-02,1.579399080889934692e-01
4.864965182261311166e-02,1.334576705104547623e-01
1.260510306331342478e-01,2.268411939984541770e-01
5.408630069365676363e-01,8.299628034592315684e-01
1.334081863832207726e-01,3.052603829577535399e-01
1.858231690521257307e-01,3.710233588775062041e-01
4.948746594463879905e-02,3.063191315619699373e-01
9.929439655394385611e-02,2.257307355345936073e-01
6.784207927029471674e-02,2.380112112695016435e-01
1.482894421276646502e-01,3.412863122067371080e-01
1.850490285217471775e-01,4.405732398479513257e-01
3.362480241268443470e-01,6.843504601922397734e-01
3.239198945296828946e-01,5.818327214697387451e-01
6.467601060906071897e-01,8.710570210709336347e-01
5.116987764456937260e-01,9.121320960821720503e-01
3.876983032548383251e-02,1.006393100051089229e-01
6.161961442725732985e-01,8.567501506082392249e-01
1.423764164185893077e-01,4.314372253261101187e-01
1.716274982253727099e-01,3.635187282685367061e-01
3.772382990499742461e-02,1.748583603824138410e-01
4.097429479218545612e-01,6.877866828387317888e-01
8.695220786919287403e-02,2.212844110481630155e-01
1.962387672262966565e-01,4.351222578790953088e-01
8.879358520246528885e-02,1.936477754564204790e-01
4.341326464771197435e-01,7.041208104131665424e-01
3.517108466390792554e-01,6.553164789905512322e-01
9.182694056333068344e-02,2.553492713437432449e-01
1.035853037567153467e-01,1.953001373841652677e-01
2.921236188921569887e-01,6.973616060495705371e-01
9.667019215431459089e-02,2.964125216837268928e-01
8.236348993671724350e-02,2.577227906506653343e-01
4.974632833873787185e-01,7.405075474859289519e-01
6.911239940008935545e-02,1.669462579578938621e-01
1.156134475135188744e-01,3.343684868080711303e-01
7.910509889752254109e-02,1.739258156156514024e-01
6.256715428149616232e-01,8.418264010005881426e-01
2.544256096181993776e-01,6.389215796492113686e-01
3.134014020938455936e-01,5.104246932705998052e-01
2.020002877722012757e-01,3.626927622169441312e-01
2.135694433921987156e-01,3.692285998118212120e-01
4.324592400846491991e-01,7.132626868679402543e-01
1.562380657045660814e-01,3.882731949265445515e-01
3.664745466696075482e-01,6.083841146127039190e-01
2.081847487005589192e-01,4.005144577569660358e-01
1.362832108798303077e-01,3.255762162954832228e-01
1.589821241695949239e-01,3.448812951191843057e-01
2.793138728037209417e-01,6.502750468432990649e-01
1.519776889031221878e-01,2.715176789354696307e-01
2.376527785510960944e-01,4.333577356136009695e-01
1.382608223389039936e-01,3.027493991124386996e-01
5.536317786127933904e-02,2.089629096978811718e-01
3.750050211413765155e-01,5.108332605754215550e-01
5.595618736658408005e-02,1.759001020173413254e-01
1.478286498828305928e-01,2.978327616228048647e-01
6.156113074037967980e-02,2.155323089270533288e-01
1.272553678696657364e-01,2.848591220623858389e-01
4.595114217057581774e-02,7.763879925153813200e-02
9.293285889625489682e-02,2.018269719367399850e-01
1.557187869011175119e-01,3.905929487913279985e-01
2.331630335235066187e-01,4.326799718033916831e-01
1.077401137576916856e-01,2.471131049808494851e-01
1.076382874269389556e-01,2.277036819023653957e-01
7.150231779545374033e-02,1.484952145773533461e-01
1.951529248724958032e-01,4.253331272442243960e-01
1.597445732068981661e-01,3.866497526536605833e-01
1.832288215430055156e-01,3.331346923107031399e-01
5.609359448823898475e-01,8.817914738798591223e-01
2.074966075096323082e-01,3.932010418476181712e-01
1.506876792976187818e-01,3.902320250009605473e-01
6.679859922693128782e-01,9.035497419970930366e-01
3.152436459213002751e-01,5.109136148995995219e-01
1.324328032175277059e-01,3.095256669748923661e-01
1.031988903593527435e-01,1.983160102201821096e-01
1.532688739509532605e-01,3.951157623390840201e-01
2.298251122613028663e-01,3.941735125041702092e-01
5.245909173091169997e-01,9.057311874337793389e-01
1.004054672742399623e-01,2.318527244461650316e-01
9.291677378111623531e-02,2.125553735260343746e-01
1.972731897052972805e-01,3.560998111455441761e-01
7.873978070708242960e-02,2.488990730272841456e-01
1.456773824251357263e-01,3.253681055976966330e-01
7.954894529033174067e-01,9.257350570203402018e-01
1.767981415665921541e-01,3.127014512086512821e-01
1.958204654013160906e-01,3.829358152294644602e-01
1.444103618857398852e-01,3.482556653201837049e-01
3.385312719965855033e-01,5.361916161178843510e-01
1.276413498084418563e-01,3.089985340023018723e-01
1.228520869549309252e-01,2.247715838749681783e-01
1.564654295507467985e-01,3.130891786528091081e-01
2.186953620842106982e-01,4.045056791846093902e-01
2.321692299492156553e-01,4.228992501557131689e-01
8.359400797376305425e-02,1.899339598078436664e-01
9.108518749868391162e-02,2.664905754729000598e-01
1.071030869806142011e-01,2.202962659097123799e-01
8.333072511208688971e-02,2.264730840342012441e-01
1.988054635518044233e-01,4.277233661389129860e-01
6.399043135649691572e-02,2.072574190774326697e-01
1.618218942807576055e-01,3.668794653109283543e-01
6.783931917957197744e-02,1.621701657659140039e-01
8.532571325669539852e-02,1.596834366392963223e-01
2.459506320701604631e-01,5.109627458567183034e-01
1.652646491580030408e-01,2.922920759204918895e-01
1.174397463481978293e-01,2.871248721057489961e-01
1.887251747473215058e-01,3.419136331239912563e-01
1.714964815277482402e-01,3.758259566010273001e-01
1.417945971082622270e-01,3.529421348258297564e-01
2.586415069066903549e-01,4.664819159666567239e-01
1.583732674057269640e-01,3.391269611382555227e-01
4.103894334390971732e-01,6.374530224928204314e-01
1.431822530747644817e-01,3.705742664370240691e-01
8.297485879944954679e-01,9.713757153832797142e-01
7.011472933084911263e-01,9.292495342981078599e-01
7.222934640910955162e-01,9.406058748651030532e-01
3.200540902004365140e-01,5.806371998256599776e-01
1.167271617101329484e-01,2.404145963686239451e-01
3.176793048721085477e-01,5.677899131884086570e-01
5.976380218001930977e-01,8.980042975283587525e-01
1.402659810157071141e-01,2.989233072182937434e-01
1.240711651661898507e-01,2.511935958875071706e-01
7.366156121090876585e-01,8.789480222873549131e-01
4.443091353253407483e-02,1.585549066598120060e-01
7.425943463471756933e-01,9.441952358888766605e-01
2.079732837920714728e-01,3.308642826027914374e-01
2.601687869542149700e-01,6.197863090589466051e-01
4.392529144645478945e-01,7.694092733954380758e-01
1.265350838350697005e-01,3.024499568493814738e-01
1.290586741789097047e-01,2.792492927055526541e-01
1.447599818567757435e-01,2.740272117908751914e-01
9.834799617715077602e-01,9.972568405223070087e-01
1.324921927741094241e-01,2.760198945528109515e-01
3.222348629513414053e-01,6.572656247270335372e-01
1.468486407483516054e-01,3.350686322407215312e-01
9.054251083328301863e-02,2.141597556154478943e-01
9.190046667035148276e-02,2.184244021028163563e-01
3.843526572239135825e-02,1.364116495123618156e-01
7.517716193307394379e-02,1.518756203800930016e-01
3.520709803489985856e-01,6.668237975254170946e-01
1.176400881884867577e-01,2.942248277824944247e-01
2.084865904170000173e-01,4.425733810617207276e-01
1.205176978626186918e-01,2.591237704796671704e-01
1.554719687965870067e-01,2.725534767273464221e-01
1.859954332562611112e-01,3.079344662835870050e-01
6.778981652127838431e-02,2.129405201566180461e-01
1.336376040020045841e-01,3.318975499334517187e-01
1.973473511039368355e-01,4.258464025794614916e-01
8.335103149836814440e-02,2.401008397153585605e-01
3.072598577223559779e-01,4.807090236654040227e-01
3.940165828840355017e-02,1.469264981647098456e-01
2.087811150414233263e-01,4.241387199673658515e-01
1.378773364192321660e-01,3.140231284189609062e-01
1.161762403468745847e-01,2.437850238054567187e-01
1.385056981698522816e-01,3.271960780424684190e-01
1.275179605123764326e-01,3.990915866515469812e-01
7.834273336272136457e-02,1.509331289482308269e-01
8.628333656111832062e-02,1.302071586863484676e-01
2.872326885902769522e-01,4.563346478229804437e-01
7.754042458072935018e-02,2.144852483982865043e-01
6.260005985742190804e-01,8.139502536624899642e-01
6.325769169035836414e-01,8.566645738450681113e-01
3.408196693512334507e-02,1.235673117400306609e-01
1.324582770823501399e-01,2.560142650250434859e-01
2.139695874818642041e-01,3.379903606595488497e-01
2.306283210605796219e-01,5.507916394830443263e-01
7.392581803147212360e-01,8.960253852220666504e-01
5.773954982020298443e-01,7.664053038941788243e-01
5.771323317680150389e-01,8.574729425751785872e-01
1.804838114222395706e-01,3.591129394980269729e-01
1.543922417488716725e-01,3.255048383279139368e-01
6.060194765983966114e-01,8.843870725275126965e-01
1.675982122591940515e-01,3.424587405144935981e-01
2.192301571705536078e-01,5.110317306841358764e-01
1.752458347106486125e-01,3.956446806156401208e-01
7.774428855205188504e-02,2.165497103671193135e-01
7.482118145255922670e-02,1.519542429520560345e-01
3.397878501025216047e-01,5.842213923316355029e-01
7.576116600463109751e-01,9.274490405866349096e-01
9.900711656721057630e-02,2.551352753398732354e-01
3.588522007165387828e-01,6.090534875729366471e-01
6.020712169477531184e-01,7.924372303430895492e-01
1.103746720395329117e-01,2.988291395088891189e-01
9.626945967465094789e-01,9.976930893605409079e-01
8.462748591178032714e-03,2.489531057656186111e-02
2.048229896343262135e-01,5.003699092371880486e-01
1.130075173467426919e-01,2.335454741674296286e-01
1.891956420796184757e-01,4.186173377128781792e-01
6.553007930880243304e-02,1.730839637945005838e-01
1.139165303826119718e-01,2.883133045170310216e-01
5.191168155351919694e-02,1.888828546251327678e-01
4.650007525419131982e-01,7.305625780307425376e-01
1.115593737090089521e-01,2.160175601690415559e-01
2.103894979639084895e-01,5.387814519078117925e-01
2.668675418722457615e-01,5.900446425025890340e-01
7.070039583157552432e-01,8.842587251175735297e-01
2.111795482664517165e-01,3.466788387695542983e-01
3.920061956712088680e-01,5.815029203984239947e-01
2.162369986052639914e-01,3.985309874538477959e-01
1.556890215438849479e-01,3.401443687486688239e-01
1.381721505144025974e-01,2.950660834940329602e-01
3.068607357628575505e-01,5.292017093551152351e-01
4.555063388067105007e-02,1.841399064901173832e-01
7.780316613278348559e-02,1.840947235002330651e-01
1.328173263767782053e-01,2.522141760350123385e-01
1.483482005395767855e-01,3.119561432232295650e-01
5.025517566522903490e-01,8.657437790671980160e-01
2.128498885692342302e-01,2.077384181190926327e-01
1.157701661998950526e-01,1.890796248991208350e-01
8.029930950734012196e-01,9.235514366569005373e-01
1.289920096095233115e-01,3.030065368029680184e-01
1.109560551356591901e-01,2.348864152193274879e-01
4.270962002964840548e-02,1.385059085711221327e-01
8.537574394136018818e-02,2.891219665616251988e-01
2.577905764186277371e-01,3.990640589965990803e-01
1.920537542745818504e-01,2.682066605456792652e-01
2.598608995121197696e-01,6.234080350107322754e-01
1.581099301295034454e-01,3.573330906553676134e-01
1.672030631234550369e-01,4.045839057970310737e-01
9.579723304770471071e-02,2.238791265910172468e-01
7.931361959244366266e-01,9.174269035655640003e-01
4.297135886287215545e-01,8.218670114530906012e-01
5.260777739276701476e-02,1.861543770056259817e-01
5.405201137663234734e-02,8.677799715018780224e-02
1.453183128491513654e-01,3.459336268082242039e-01
6.616107058334684821e-01,8.916337575776190905e-01
8.182466875943981977e-02,2.570351360061720603e-01
3.627191591258582815e-01,5.315006080895925411e-01
1.706938115065016748e-01,3.458361386781428348e-01
5.178741686531248417e-02,1.470156431725560819e-01
1.049337002687991544e-01,2.764730686438282015e-01
3.187324500656402160e-01,5.301334059202632565e-01
2.849452888723412736e-01,5.964567459698691954e-01
2.247550593401172192e-01,3.177332009486857345e-01
3.134347213220284312e-01,4.539780146830943997e-01
3.697091641989114774e-01,5.830327438336670998e-01
1.774368011848778126e-01,4.133175833560953083e-01
1.442237270700445217e-01,3.328699127154217119e-01
2.675581713546584806e-01,4.367622113952602247e-01
3.382464753892915899e-01,6.572621084851836271e-01
1.297401926542890715e-01,2.775817208811379166e-01
1.579489506713949998e-01,2.688802491939462636e-01
9.596964001147913204e-02,1.319888333849466022e-01
8.232037658558615245e-01,9.378709470239188217e-01
9.924965987893574759e-02,2.375229426765431973e-01
9.297108381434530944e-02,2.789047297960932092e-01
9.809080126757329099e-01,9.923828823611522409e-01
2.496457154071543560e-01,3.730684090547830567e-01
6.964149144953795112e-01,9.533894649849984360e-01
2.292361115503633029e-01,4.082115757258532596e-01
4.439837471116055145e-02,3.399049053280693844e-01
4.173427565760222668e-01,7.006881829225862779e-01
1.493852528992609396e-01,2.455045151557517791e-01
8.814178703880196086e-02,2.070481403927473263e-01
2.658550511154117446e-01,4.794969044509860834e-01
2.961695828051847390e-01,6.764658495759592327e-01
6.338226569639632269e-02,1.734580048774702898e-01
6.255903150529220635e-01,9.029625397979462731e-01
3.148954352291098019e-02,1.011214140500418662e-01
5.130414379599779195e-01,8.264649873035941896e-01
2.380253719736671603e-01,5.578527544821058060e-01
1.047466181349484410e-01,2.562194914394412271e-01
7.803240522961610859e-01,9.281305435239859403e-01
1.383966860435122959e-01,2.762093542042486360e-01
2.111770971115561335e-01,3.684013735396596267e-01
2.372828832219525397e-01,3.927944419736974502e-01
3.363493129104040968e-01,7.173580676120594468e-01
1.607862357286476418e-01,3.246583251079903643e-01
1.507345967324217606e-01,3.219481670211054580e-01
1.953182642514806611e-01,3.527092973240285034e-01
1.974192494542737486e-01,3.226848089709102169e-03
1.930935823140589036e-01,3.822150903988852932e-01
9.513740694444362822e-02,2.639630989597867017e-01
6.077375401797223686e-01,8.713291341217778152e-01
2.748202466839536617e-01,5.430856349420157825e-01
5.685173583018862664e-02,1.159741333686485215e-01
6.683641344082504043e-02,2.151749635040977604e-01
6.778528334432164237e-02,1.530473363079759841e-01
2.689733694484706672e-01,4.970696608202351263e-01
5.077587037631736688e-01,7.676687311266465752e-01
1.460502444445620773e-01,3.443056017063547136e-01
2.307503919670841896e-02,7.561240037880823106e-02
2.106427911205536463e-01,4.266021490966949714e-01
4.954596954824996846e-02,1.241988237243586701e-01
5.507079017500625742e-03,7.611338172557265136e-02
6.841073167629682095e-01,9.305142313418488520e-01
4.064832802177738569e-01,5.704661086205188303e-01
7.945722078425600243e-02,1.585577482512608438e-01
9.314771399898275073e-02,2.653874639016034487e-01
7.125390334562614614e-02,1.461619224947637574e-01
1.190829084399642052e-01,2.524864902604717631e-01
1.620012634451311606e-01,3.487818450386941382e-01
9.346688350817743129e-02,1.915844439051390957e-01
8.007251142539242861e-02,1.649147051206457937e-01
1.481655871148528092e-01,3.426824273176916069e-01
3.649108067375519404e-01,7.149521044434189454e-01
1.128131797093097494e-01,2.801181748255104909e-01
1.677942110048158408e-01,3.420031607930038575e-01
1.703839078427546450e-01,3.481965401675282124e-01
5.361026230907908752e-02,1.437794311618777465e-01
1.592388153834287112e-01,2.975629300228924690e-01
1.128962458995506346e-01,1.886971273350917799e-01
3.036047015209254463e-01,5.778466063238175687e-01
2.730586757004642151e-01,4.907070055215978499e-01
1.318008864038099359e-01,3.707084674373954392e-01
1.477381877900052209e-01,2.756539050198898444e-01
1.652234303395231918e-01,3.009179081050269988e-01
6.641824304376276085e-03,3.151751987212466494e-02
1.807042068209696872e-01,3.169746108124801287e-01
1.223729215750207905e-01,2.548482478722969846e-01
2.520517751438546283e-01,5.785654420917534235e-01
1.498700202787071334e-01,3.571100794408686996e-01
3.203784755888783309e-02,8.533678824676048380e-02
9.223402980899081394e-02,2.708387285901696084e-01
3.829502855467661893e-01,6.488105104795772737e-01
3.655401021252521199e-01,4.628616066607971757e-01
7.071038916284573261e-01,8.966492580346766550e-01
1.664609132926672119e-01,2.744056520485359529e-01
1.865359750431754282e-01,4.147653457029241153e-01
1.702677424196382405e-01,3.213059741793904966e-01
2.283843751318771487e-01,5.064039544279912430e-01
1.523922431174085101e-01,2.907143607593448698e-01
1.600820543628425907e-01,3.752113070706831754e-01
1.546516251516676099e-01,3.360923688708228885e-01
1.088867590238791899e-01,1.702855616291443219e-01
6.082256919745520074e-01,8.571263865252893854e-01
6.058610060550367882e-01,8.366791287335817451e-01
2.538646414072530666e-01,4.246813011953614048e-01
1.522549668899131070e-01,3.360145487796367125e-01
1.753780584954512112e-01,5.075242174672598416e-01
4.251071874025625363e-01,6.315911351247545102e-01
2.322968514781426075e-01,3.800356793174145542e-01
1.985850355012476753e-01,4.183938471834769413e-01
6.339443756793532447e-01,8.706094935420212177e-01
4.382148665372062046e-01,7.396204406994697500e-01
2.439588911065650734e-01,4.482681776963453046e-01
1.504736866846397292e-01,4.057665440613834051e-01
1.825676847055308569e-02,5.779453462108249256e-02
4.606313185186924203e-02,7.546742000017776786e-02
2.697861628160775141e-02,8.191667643373894137e-02
2.027487347826121000e-01,3.099801707157289199e-01
6.039731658413043103e-02,1.456192543619515278e-01
7.549980204024861474e-02,1.925889077563310847e-01
7.757766493214657277e-02,2.042472346350562851e-01
6.061845479080929522e-01,7.511846005739620802e-01
2.017621495596303161e-01,3.561994464137516192e-01
2.232077059780961936e-01,5.003390965647542821e-01
1.560842227570742868e-01,4.053946535235327664e-01
3.392783459570654636e-01,5.384670569407060681e-01
1.928027545157591227e-01,3.831438167655550342e-01
3.006598350673667097e-01,4.556165195796599288e-01
4.764499086916065274e-01,8.246507536043687914e-01
4.048436536332891689e-01,6.901038621889793445e-01
7.865882120073483530e-02,2.215486137144325740e-01
3.168444205711764550e-01,5.698995518339533550e-01
2.508160257769370682e-01,5.237931746797560573e-01
1.143211804369544810e-01,3.451659350752075417e-01
2.324048095414094905e-01,4.924462149592676030e-01
1.305396662754972625e-01,3.159333864818750781e-01
6.032026064136371268e-02,1.415207060303090014e-01
1.061083474122915676e-01,2.766688549945243158e-01
8.491515408447487812e-02,1.438668573165385045e-01
7.198606962690904387e-01,9.165638520482636276e-01
1.663632178195972311e-01,3.478067266008403879e-01
2.240878383185253564e-01,3.894895357340034669e-01
1.231916276831549195e-01,3.422809996151063294e-01
5.805327454453433622e-02,1.277610796759156842e-01
2.084637884411100761e-01,3.850916141297868744e-01
8.702038830761148203e-02,2.919093885039720782e-01
1.931824384477916767e-01,4.532231961028880818e-01
1.447790666970041606e-01,2.812677731629326661e-01
5.765544704429327316e-01,8.486435156007069436e-01
3.041115438080521094e-01,6.121965129733487609e-01
1.841111201335555725e-01,4.512943067709653255e-01
9.222150126664403758e-02,2.090927646674937690e-01
1.230119394988383741e-01,2.577048997963515276e-01
1.191982751801469870e-01,3.154097261397558749e-01
1.189133197574009787e-01,2.797712391061904502e-01
1.771295874100657641e-01,3.705287567141242189e-01
6.296066374960243017e-01,8.503765637244150577e-01
5.894328676667961453e-01,8.602022868022300983e-01
8.307542348553394185e-02,1.572844584895506381e-01
7.253401117649131702e-02,1.472442450140897807e-01
1.660987587502983920e-01,3.190483529075501812e-01
1.022855907388857954e-01,3.160282400896253230e-01
1.060883897226840705e-01,2.898849151500051402e-01
1.199754332661098627e-01,2.579802852020722792e-01
1.658423251553212963e-01,4.743984033705324066e-01
1.048652172360769602e-01,2.478128590433488765e-01
1.220644297316236526e-01,3.164289534474239440e-01
7.321050017877608895e-02,2.225410672879760410e-01
5.009275513836999316e-01,6.715133028897095624e-01
1.339492759742570427e-01,2.548775351963258884e-01
3.105135629561554533e-01,5.650136045980576061e-01
1.852841419014853164e-01,3.499629432165353715e-01
2.741617678187107873e-02,1.141253295332929352e-01
6.072016186791967529e-02,1.161132487466877417e-01
3.478607359236273733e-01,5.677840082817575684e-01
7.224472961716411623e-01,9.040680329873287402e-01
1.444289469781126489e-01,2.887877029638338255e-01
1.576209631410551149e-01,3.039650263119004769e-01
5.028273270870411427e-01,7.764404008875654961e-01
1.586041982990507027e-01,3.402051049201036403e-01
1.093550439638936861e-01,2.674764841847475094e-01
1.416797004397616910e-01,3.288674478723660477e-01
9.155912629559405380e-02,1.622961335788626336e-01
1.351243606275245590e-01,4.414826634176121645e-01
1.212086859857475912e-01,2.532165649269412788e-01
1.358701023727655610e-01,2.718783200688645318e-01
8.179501523061992463e-02,2.337225386994591647e-01
1.538306850579322926e-01,3.709065680474613602e-01
1.096614652843828225e-01,2.417425193492795665e-01
5.976830006523898842e-01,8.517860248757032071e-01
9.752844102628009659e-02,2.284475125357502134e-01
1.773581315865961350e-01,4.030587300259775296e-01
5.869144615414025878e-01,8.300326888532795211e-01
3.823902751017055901e-01,6.602186807447674166e-01
1.101001764271151429e-01,1.939426273052049232e-01
2.279891704462492230e-01,3.144175693908539682e-01
5.536931533654628756e-01,8.219111716164910764e-01
1.027670858760064282e-01,2.976578027571752383e-01
9.319704814711311791e-02,2.691174007698479698e-01
2.683391917805289517e-01,5.619575086359513971e-01
3.744723452969133670e-01,4.631558299559785374e-01
1.025115214036917688e-01,1.322145705883743250e-01
8.228696563194978775e-02,2.436966088810290088e-01
3.662811978651251965e-01,5.406583973525467268e-01
9.064932369191244788e-02,2.519311091172067862e-01
4.829969809938687575e-02,1.316790383263872488e-01
5.354845879244196638e-02,1.420193372421524602e-01
1.331458721282292312e-01,2.887338799380465004e-01
7.782353029335514760e-02,2.313156429735346853e-01
1.184115935264206942e-01,3.110054137734359903e-01
6.741122499592860917e-02,1.553793477760193331e-01
6.116427249711089281e-02,1.540338026509409652e-01
6.899659092829720786e-01,8.531940076954154240e-01
4.928420897455036975e-01,8.469252427554304630e-01
9.922339020709791679e-02,2.551241155150733575e-01
4.114952035975712463e-01,5.998970781162288324e-01
2.434680452534118966e-01,3.862785627821603840e-01
1.282128096214130430e-01,2.352075688815081500e-01
2.287492145355084772e-01,3.776356547864135327e-01
3.284896092382767474e-01,6.063111044754705414e-01
2.146213308514271362e-02,5.597007237375713207e-02
1.510739001589022357e-01,3.365831297513877662e-01
6.828684768786072445e-02,1.929762319522859149e-01
1.305989270225115517e-01,2.849501375884014309e-01
1.608815126528279904e-01,3.814221826949055760e-01
4.862185525174563677e-02,1.646616693927085429e-01
8.016761969972709123e-02,1.252158354900860804e-01
8.668747321080438883e-02,1.817680181999981881e-01
1.638504090724660911e-01,3.213783847483892564e-01
3.010241827515715562e-01,6.093055521679086040e-01
2.668298573980864563e-01,4.929562598074112012e-01
2.154534878651986063e-01,4.341910493052308917e-01
5.856301916665020146e-02,1.323309363210437295e-01
1.191909133805460347e-01,2.864419285289077077e-01
9.071474326214415407e-02,2.200572275484356799e-01
1.730388251867822913e-01,3.727834736594462517e-01
4.223470572013449664e-01,7.266774309516547126e-01
1.618839211241326070e-01,3.810084719621130156e-01
2.144385860426697293e-02,9.228220031101672105e-02
4.880864747533232850e-01,7.583720154637382249e-01
5.316385813322899168e-02,1.184607195871464069e-01
1.040911186460417026e-01,2.846804164655423741e-01
1.432911679917292513e-01,3.448138952177563499e-01
9.612880956749417227e-02,2.662666761189284026e-01
8.239440123859590459e-01,9.517168887303133484e-01
4.308971367559583099e-01,6.969849457125257830e-01
1.432927190450470067e-01,3.901073967849991164e-01
3.127026865361920427e-01,6.663299926241127435e-01
8.252153183559954308e-02,1.940638936283687332e-01
3.479871385411666407e-01,6.275475135936572357e-01
3.097252089887830850e-01,5.805541030227447941e-01
6.197445000101364093e-02,1.981048644505905010e-01
7.151910359666060479e-01,8.645841902563617953e-01
5.093464357598053160e-01,6.347646433484570583e-01
1.290565661732948899e-01,2.395855294763671317e-01
1.426630406880271817e-01,3.145186343565403164e-01
6.840685631578881098e-01,8.659185028180481636e-01
3.971751409236139452e-01,7.311173638390012774e-01
9.710473487778329416e-01,9.989089400423448728e-01
8.335451570937206789e-01,9.356432707816584315e-01
2.133707942348318787e-01,3.941540069505935495e-01
2.301857170687541809e-01,5.283997920210622423e-01
8.938304365930972717e-02,2.119579833786758016e-01
1.103340708825134714e-01,3.001000730331647159e-01
2.406002748023971793e-01,4.356849379832920532e-01
7.807472906625312348e-02,1.333348653347287693e-01
4.800535336887190030e-01,8.502437650774267164e-01
1.511556470443856104e-01,3.140601095813771448e-01
8.173286523789133895e-01,9.477147389335677241e-01
3.443134718141613315e-01,5.360961201104442742e-01
2.025927666765483526e-01,4.039573460980182551e-01
6.994007686583003647e-02,3.421292565719071810e-01
6.345098625621299337e-01,7.566675019378973355e-01
5.861168228325928931e-02,2.221331599262834078e-01
1.736601068192033526e-01,4.103272835161534404e-01
1.149369814221198882e-01,3.108529495742915483e-01
1.483396114668389387e-01,2.654608968680177150e-01
3.897389812585926316e-01,5.916124858944540321e-01
1.349733723159880772e-01,3.023531053337008556e-01
3.721536684550320884e-02,6.125806574778752678e-02
6.583089725399231540e-01,8.604448771592400069e-01
1.327656305592254948e-01,2.789365986498083538e-01
4.777823119777035998e-01,7.014803787048919936e-01
1.144401708050539479e-01,2.771820385427327116e-01
1.365863955759877846e-01,3.565286520680545079e-01
4.779074243518609544e-01,7.027236293742422646e-01
9.989078418468962939e-01,9.986591690800867838e-01
5.101005503178061007e-01,8.715671838421151785e-01
5.172559695895629917e-01,8.623078290497044884e-01
5.810060234128241463e-01,8.481050415149996580e-01
1.134093917692851200e-01,2.984554623954721597e-01
1.460201331773178790e-01,3.568301040776681310e-01
8.716073253054149039e-02,2.449495557884315278e-01
8.739410941827373269e-02,2.282751487982399852e-01
7.765827260010533806e-01,9.513494911758691996e-01
2.813118437839260202e-02,1.301938260290545768e-01
8.773815913552673526e-03,1.747793963741363088e-01
1.215955163490742563e-01,3.867016820889085937e-01
1.322389562037480926e-01,2.832018699147958452e-01
1.272541284829408204e-01,2.792137025446733145e-01
1.124045438668496710e-01,2.841148381020285330e-01
2.058374028014590684e-01,4.531614670110279408e-01
2.997421448202979843e-01,5.879216323244492726e-01
1.338990851403908944e-01,2.791158849804984410e-01
7.847312732100666932e-02,3.622235793223465561e-01
1.002576785409437232e-01,2.848242940364459352e-01
8.603299682576509566e-02,2.008958471974285898e-01
3.366316411099893879e-01,5.148450171077058046e-01
1.602944087147632202e-01,3.276344113939265168e-01
2.336758437667804666e-01,4.241258946678707065e-01
1.315737784806316757e-01,2.319030205866814409e-01
9.418089425015227154e-03,2.305245842945045399e-03
2.353510027043774766e-01,4.312232286988666452e-01
5.542460369161755079e-02,1.537329803288545460e-01
1.974284851812450614e-01,3.764828656757235326e-01
7.532584448743973038e-02,1.575185431478729470e-01
7.346439885223765565e-02,1.799000995069958697e-01
4.125132555724350669e-01,5.987612507504819215e-01
3.555740840429907901e-02,1.971340309754283926e-01
3.340847007742975272e-01,7.003706904248311327e-01
1.017686238700654944e-01,2.046291148476432065e-01
1.146795818123776400e-01,2.582641762459564894e-01
1.222695365019475788e-01,1.985320391523533734e-01
6.426147023707503569e-01,8.832219670519447785e-01
1.356765008684706064e-01,3.289184618110189140e-01
1.659854612964703768e-01,3.825247316370027906e-01
2.303085799895120689e-01,4.676195813682853530e-01
6.794105038544719088e-02,2.372521573639898573e-01
7.152083083633506422e-02,1.761181598601534171e-01
1.150200213917708936e-01,2.952900302137061450e-01
1.175563904355467620e-01,3.149776661584482440e-01
2.971929667915305107e-01,6.191865623420456100e-01
8.117276681274415706e-02,1.947547226033447820e-01
2.535584543627867893e-01,5.108829188009337274e-01
1.192497875260353779e-01,2.819138584518920965e-01
7.692732744784602783e-01,9.260927904145266343e-01
1.182526576045446615e-01,2.921406635656764728e-01
8.490233785029764613e-02,1.774666103144356966e-01
4.382772165739561021e-02,1.567362633445132658e-01
9.308228467617693513e-02,2.867586516450724154e-01
1.484518598935402334e-01,3.163626465083199113e-01
3.331242657999676504e-02,1.075421619484816099e-01
4.973132083523673641e-02,9.213787952010768501e-02
5.774053607382435560e-01,8.124159440619720396e-01
5.980781003330094547e-01,8.230762332290407768e-01
2.477034680035424541e-01,4.087349462205556727e-01
1.586767161972251206e-01,3.341600174437702186e-01
1.309095318402807850e-01,2.595871851954549281e-01
1.960629307653471709e-01,3.665867839001722972e-01
1.723903805798053801e-01,3.910033541810762348e-01
2.556846170736146173e-01,5.553542452236563953e-01
4.342925729475599628e-01,6.977352111758551301e-01
8.374237335386601477e-02,1.912497021713803202e-01
5.765580974664031855e-01,8.721665012286804464e-01
1.796168374370254728e-01,3.067818814158140839e-01
1.917772627809379293e-01,3.776425709713883694e-01
1.887885616711419967e-01,4.087699412915872799e-01
3.153386064540774081e-01,5.001374728742614684e-01
1.099590461358155857e-01,2.398836950292962122e-01
3.132303485926904996e-01,6.434355449817367179e-01
1.342026383944170953e-01,2.522662066199964359e-01
1.601543805518107488e-01,3.102020148324785009e-01
1.159533892586014775e-01,3.622740919041135266e-01
1.528968990329355460e-01,7.760442986231552709e-02
5.990910598658660824e-01,8.028442552596221082e-01
1.570009891699878923e-01,3.352863041713225467e-01
5.557349645473189104e-02,1.473262226936666308e-01
5.054352204490540623e-02,1.265481102137708258e-01
1.601145975105205954e-01,3.705015860183638043e-01
2.030907005324065207e-01,3.751201695616638854e-01
2.548132547144623672e-01,4.560478056476522934e-01
1.559416569717307355e-01,3.550914439929693245e-01
1.461303235069702222e-01,2.759694414246726124e-01
1.286736654575469374e-01,2.871034948688951927e-01
9.702667850098177504e-02,1.730183374938279173e-01
1.190044105383861878e-01,3.242669167940492314e-01
1.215483479516382415e-01,3.033623111720284982e-01
9.023220418098511220e-02,2.317358930312103937e-01
1.282763079279156393e-01,2.927991277065855602e-01
1.781989823728068467e-01,3.377753321352574556e-01
2.512373508843432357e-01,4.690243014000856081e-01
1.175546791557918608e-01,1.611847954145848028e-01
1.244856115231356142e-01,2.541031911127246690e-01
1.337269234213497859e-01,3.065376776171211404e-01
9.170570045128315431e-03,1.760510348929278379e-01
7.259523828127210920e-02,1.088657040814398486e-01
3.858288698578989373e-01,5.648969682438471640e-01
1.652012741475137880e-01,4.156213511170773200e-01
1.364619349631019385e-01,2.066566621711524998e-01
2.394499056562351263e-02,1.801769790007752281e-01
2.704246597163748600e-01,5.672251041518965309e-01
5.186389798907429238e-01,8.647728171110917739e-01
3.480351473065130263e-01,8.433207731811129815e-01
1.008014400034142333e-01,2.858525868057206210e-01
9.455791228420698524e-02,5.729762409588784466e-01
2.508296663592048392e-01,4.500111668126617337e-01
1.625791302592211884e-01,2.026092842973465369e-01
1.689663941295324601e-01,3.901299919283070516e-01
1.490892520082928718e-01,3.349737275868088782e-01
1.274695836757458178e-01,2.398168435336084370e-01
1.258712382474613811e-01,3.192707914906732225e-01
1.611713272664969110e-01,3.251386947495903401e-01
1.749857271613697307e-01,3.344110527895530205e-01
1.439724852373206465e-01,3.281191436399487071e-01
9.423581502255219677e-02,1.882577285666826583e-01
1.747313972200751908e-01,3.867002513143829590e-01
1.786276574119271265e-01,3.308965041380030891e-01
8.008048600567149733e-02,2.343519872462520581e-01
4.635026826604087824e-01,7.954407260925484557e-01
2.492101145869618506e-01,4.622975737870136381e-01
7.008066803919487109e-01,9.129756480520953010e-01
5.000046351519342736e-01,8.288667102550019150e-01
1.998145662209088458e-01,4.205007251726060047e-01
1.036497965789545950e-01,2.156070028110873837e-01
2.157602974999562051e-01,4.100270891920631544e-01
7.057308752228462767e-01,8.918208463936683206e-01
5.784811523852364384e-02,1.527683056690404828e-01
1.133775166991953798e-01,3.295583236396344984e-01
4.502615878583214326e-01,6.907032756430158127e-01
1.388776996273402287e-01,3.163520183852345236e-01
6.806975301481245078e-01,8.845898628270739694e-01
2.403632398456688746e-01,5.074759340056681500e-01
4.048444002460006852e-02,1.187176931296863580e-01
6.322661891250527799e-02,9.192841680377734914e-02
8.850520071204889816e-02,1.958244914281654647e-01
1.486919949935286422e-01,3.846954467469755889e-01
1.054085672584471056e-01,2.596846836850051354e-01
9.147533177549853345e-02,2.332744280133126902e-01
1.556063594097711889e-01,2.801300803189942235e-01
2.134440110525053502e-01,4.671078036933112854e-01
9.426737403538067162e-02,1.827657800497543561e-01
5.386501035007328769e-02,2.017802045164898139e-01
2.770803909064787907e-01,5.055191390194343493e-01
6.083742846922709502e-01,8.188058604412969954e-01
8.401547283277793765e-02,2.081704509153634586e-01
1.304872627275258379e-01,2.456260651575531972e-01
1.302727807952109296e-01,3.049705796468675234e-01
4.791972840249208998e-01,7.176614993773809958e-01
9.115206113399074161e-02,3.456208716317560881e-01
6.605609452126960657e-02,1.719357023764260806e-01
4.909905527894839472e-01,8.179877615909090238e-01
4.669567271259033592e-01,6.482917645758420333e-01
1.015686987555665666e-01,2.792520153639807545e-01
1.398688585107381033e-01,2.784248712933747316e-01
1.536392607237675734e-01,3.337074587916897261e-01
4.172977301019634155e-02,1.176372499855164316e-01
2.329478406190975664e-03,1.562618046039557784e-01
1.109464123768037075e-01,1.856857032197418156e-01
1.128962140446961027e-01,3.023120269264344961e-01
1.350899273297645475e-01,3.338128754645516838e-01
2.224848406861938965e-01,3.387436290766695501e-01
8.070413222506185591e-02,1.714866536803404673e-01
3.982782180212724593e-02,1.397577186891723888e-01
1.296862952529694579e-01,3.487430406595695698e-01
1.647727847714388072e-01,3.162061132472963609e-01
1.610358726071257907e-01,2.983671047095537432e-01
9.783166049739257242e-02,2.710913247747477328e-01
4.384634468644783845e-02,2.248851593897535084e-01
2.292489790467469035e-01,5.085159772820376789e-01
3.516109406102809198e-01,5.514101131351808460e-01
8.946258625844155654e-02,2.340941595183891333e-01
8.559402806069803249e-02,2.083166670524846387e-01
1.543747965905688524e-01,3.858525471365309434e-01
5.008856600413730265e-02,1.413407748251713780e-01
1.492866897325792197e-01,3.359530277352860139e-01
2.461742717234740863e-01,5.305061744188749318e-01
8.223487400079203258e-02,2.552423075954393661e-01
1.933362448022597768e-01,3.239948265504460356e-01
1.840767699042966388e-01,3.278520871779975199e-01
5.101887382560821305e-01,8.781105301348666181e-01
1.471498364660922820e-01,3.184112415543580155e-01
1.663734293934373276e-01,3.077374733299922949e-01
2.124425704639292256e-01,4.654765510807925000e-01
1.156951599812695436e-01,2.576424115386498626e-01
1.971028862802596260e-01,3.711504053710502071e-01
2.372997382245793565e-03,6.231833141160925821e-02
1.844434841909475542e-01,3.739969508651090346e-01
1.718857270612003108e-01,3.787053146176173057e-01
6.145745812551599990e-02,1.361240672306295862e-01
3.061675169010397712e-01,6.591705045415613418e-01
4.945872158255659179e-01,7.982726122581320638e-01
1.544357570246149003e-01,3.821446235952541404e-01
5.486804873968534890e-01,7.856663395287435403e-01
1.199369858654431575e-01,4.387428040316757594e-01
1.974936084571528028e-01,4.259063496376729874e-01
5.898149250963138357e-01,8.625704682433111836e-01
1.583966584079237946e-02,8.155627314724557542e-02
3.242284130532978037e-01,5.266801145937376472e-01
7.245452631406048560e-01,9.162633353683843351e-01
1.582130270015077445e-01,4.622496785534198072e-01
1.281965370099860946e-01,1.749460474479875294e-01
8.119315332672721874e-01,9.450674026521652671e-01
8.411720925208812649e-02,1.682545937412042725e-01
7.920399548128718159e-01,9.273679274550495899e-01
1.501835343157824354e-01,2.961936353024256507e-01
1.507796744063411021e-01,3.673914098072182388e-01
2.205084886125329158e-01,4.253759508633528363e-01
5.369882908988043990e-02,1.645193796657299645e-01
1.602395833579200735e-01,3.484407590288740031e-01
1.630309187097876977e-01,3.499199928839161200e-01
1.950696483232492173e-01,3.889338047770823925e-01
1.480479323496041166e-01,2.017635646617084444e-01
2.115869816216966459e-01,4.038619173221773551e-01
2.017537102836816643e-01,4.107427290984010382e-01
1.544857975333927547e-01,3.091894799472528210e-01
1.479141096030089364e-01,3.033781727286858354e-01
5.418892120857132094e-02,8.280032970759271249e-02
3.777750090147100615e-01,7.005179990995512584e-01
1.365672988222033368e-01,3.041134483944720746e-01
1.058237181080326911e-01,2.690188049956493410e-01
1.670903532161179539e-01,3.566311550194035673e-01
7.557789520096592772e-01,9.453165974582369291e-01
1.020614072415346602e-01,1.705856669630718414e-01
3.499525572250470895e-01,5.989385482222814305e-01
4.745075094681473066e-02,1.460412092329519407e-01
7.920729046509038251e-02,8.252464581291858725e-02
2.104336522577889834e-01,5.498495793584957658e-01
1.780220477910172960e-01,4.098425725981497125e-01
1.959644858855330019e-01,3.539732677504916492e-01
7.215923076998395080e-01,8.847697799472887814e-01
1.735751375836071253e-01,3.395919467772116618e-01
3.028711685331778591e-01,5.832434092038703000e-01
2.111985852008086695e-01,3.816176463984476963e-01
6.315818479764909732e-01,8.643529452895609699e-01
1.447684336130523053e-01,2.963648476829951472e-01
6.838803112808543583e-01,8.576193023953432304e-01
5.648211738725180675e-01,8.873051016620799869e-01
8.550615092784480398e-02,1.488881300302079824e-01
3.426555273528033574e-01,6.673430910629324364e-01
1.926852967855475218e-01,4.048544950165430811e-01
4.984208460729033785e-01,6.533579650664954608e-01
1.315088335654145402e-01,3.256698881870219164e-01
5.988042628338613449e-02,1.489774023094774524e-01
2.393904655213172639e-01,5.914513476927335534e-01
3.634645869056256084e-01,6.551383730989132070e-01
1.380909721899870324e-01,4.013190963300232172e-01
2.060572927671368293e-01,3.991643874411726634e-01
2.068014522700424573e-01,3.131581770650712637e-01
3.293637906008693439e-01,5.835163377763533665e-01
9.578419337373572651e-02,1.239937609495751075e-01
1.789536702527070450e-02,5.152494592380807426e-02
2.230694339853746544e-01,3.051301306153053616e-01
7.005516103645188786e-02,1.230775839519385045e-01
1.827118839545584794e-01,4.077479402115585239e-01
1.296612487539562653e-01,3.493287817580318366e-01
5.115507378338312455e-02,1.265249911978435782e-01
1.053689963382251765e-01,2.257531273618814671e-01
1.025279966315570529e-01,2.605353825191009109e-01
1.506052650815922211e-01,1.949497435034828197e-01
9.806932260188953865e-02,2.404807271781015943e-01
3.123807184888343080e-01,5.302293359064611522e-01
1.514608704608708944e-01,2.586367214268127102e-01
3.284093425755296725e-02,9.109646456632111700e-02
2.092641178944358582e-01,7.177258027837177812e-01
2.038144412937955285e-01,4.196627186939690390e-01
3.721575768899691022e-02,1.003897805684842159e-01
4.550218711675423078e-02,1.326329939019327553e-01
5.809543830226121530e-01,8.747909362758056195e-01
4.040881481963893435e-02,3.012422967768119686e-01
4.344594239313763484e-02,7.103120174597041259e-02
7.834497348536561753e-03,6.765908536229046921e-02
1.366791760394128197e-01,3.022978856088550104e-01
5.193277971398881920e-01,7.850062995887864270e-01
1.829970884368873341e-01,4.132741425517563738e-01
1.581794470901357053e-01,3.668812645563456210e-01
4.992988652637277425e-01,7.203479496447470209e-01
1.319899256837663848e-01,2.759096057841883831e-01
4.249020948410068277e-01,7.890529547723941217e-01
1.379505492552355883e-01,3.222391063417173185e-01
1.001813065609121339e-01,2.097781965367029045e-01
1.589813647438399202e-01,3.116655631679182692e-01
1.211158147159281939e-01,3.645606511186043064e-01
1.849919667087944197e-01,3.461908648251174614e-01
3.105257657198257429e-02,1.046267663150700772e-01
3.497885990420598890e-02,7.359573239146639800e-02
3.444302162822542313e-01,6.357134718066620449e-01
1.804525400961376203e-01,3.499337504802318422e-01
1.426874377100858515e-01,3.078983168676808768e-01
1.494089614630851048e-01,3.630946496706121129e-01
1.647108463476781304e-01,5.469908506401820469e-01
5.823480633820736774e-01,8.114533240027621552e-01
2.318850470309799239e-01,4.345588959325952794e-01
2.508945220697440526e-01,5.707844342528628490e-01
1.548270144435894557e-01,2.807792646979149764e-01
1.603191794412535676e-01,3.926538081224345000e-01
4.381143931631751309e-01,7.508698461911623712e-01
2.528977344007937167e-01,4.970854965890453836e-01
3.980604998229327895e-01,7.387990499417294021e-01
1.370465224985737418e-01,3.509168756495282815e-01
5.700938888764905260e-02,1.455798505845495305e-01
1.476016843788204025e-01,2.524977276293757233e-01
1.626412678667167322e-01,3.334650036335958800e-01
5.462962125201918928e-01,7.326389773334378575e-01
2.063018893447889357e-01,3.631142587757907325e-01
1.060667763994715268e-01,2.838651458015921669e-01
2.216666163947257073e-01,4.301972790245048861e-01
1.267297498358726793e-01,3.007632482191148204e-01
1.271178308030520288e-01,3.667377656912652051e-01
5.785103438906345763e-02,8.819302100411037515e-02
1.330784455330488447e-01,3.380579285570694537e-01
7.177635255723718855e-01,9.542038384843479770e-01
1.454982481819091233e-01,3.693427644650897346e-01
4.131036955234137359e-02,4.217107462649836158e-01
4.463989107695360420e-02,8.584894695604600168e-02
3.388846236835530434e-01,5.542898093486707811e-01
4.219326042898228768e-01,7.839224844343208876e-01
6.170037818643050315e-02,1.819165730906340539e-01
1.547963759133774986e-01,3.193287023676172898e-01
2.912491955592623472e-02,7.948959860083443241e-02
1.917809882995308857e-01,3.842045725679200108e-01
1.189040919873144420e-01,2.895083378705762267e-01
3.015572447239471821e-01,6.364943040302106780e-01
8.220141893913335274e-01,9.421160985373506769e-01
5.728964649799098696e-01,7.362353883829020340e-01
2.854095998999015560e-01,6.070306293388290086e-01
6.835987406379826492e-01,8.419929264685201975e-01
2.403567157354974393e-01,4.940390432530969989e-01
9.282566097601682720e-03,2.667445788254073358e-02
2.705406048973955091e-01,4.910519911706582308e-01
1.581962244112331550e-01,2.956665684427838836e-01
2.803475434145322187e-01,5.462398010618868538e-01
1.263037655243064161e-01,2.338119773644543320e-01
1.582271014772784756e-01,3.436547240923943924e-01
2.802441866815862936e-01,6.439369280784825733e-01
6.705051150212128219e-02,1.576791016677810686e-01
1.881825400257517433e-01,3.831749083110431164e-01
2.657481693699778047e-01,4.778367407793829846e-01
2.848783956487471736e-01,5.163207685259275648e-01
3.351166788826694942e-01,6.866608051888395403e-01
7.272580820820453429e-01,9.121156069090038399e-01
1.666271964836807118e-01,4.021668011816547650e-01
1.278746523601937968e-01,3.267511112181873401e-01
1.444584434949198193e-01,3.447489907188994729e-01
5.879252692183393192e-01,7.882075375522130667e-01
2.066662661463883888e-01,4.553199934148239314e-01
3.997402186739738017e-01,7.297852268850657520e-01
8.261104773121163980e-02,2.303769182526328452e-01
4.616948619894882255e-01,7.982179793040889981e-01
1.730794868952999221e-01,3.370909615050459718e-01
2.503953362650293002e-01,6.404181481688091537e-01
2.363865090387264611e-01,5.404448297654710354e-01
1.516949209930348319e-01,3.326676151948645410e-01
2.263501141026055818e-01,4.420847428233641296e-01
6.868688440462024369e-02,1.859914449306402373e-01
3.627550460741926774e-01,5.539407103147874212e-01
2.107255544656379542e-01,4.748802615299433927e-01
8.789040801782999068e-02,2.129985252739329815e-01
1.315696085091329903e-01,2.791481601216089237e-01
1.612285056696805274e-01,4.538408527194773834e-01
9.839032275432738062e-02,2.543999869735050212e-01
1.219011611108759274e-01,3.339110911163918338e-01
3.358386392037933654e-01,6.607143851059725792e-01
2.788386287468038183e-01,6.270907744041933629e-01
2.653672811399117037e-01,5.572909140777501102e-01
5.918781152760609759e-02,1.986710240020432838e-01
2.559672841477512312e-02,6.904863640165979921e-02
3.105765998164816688e-01,5.552137536302959031e-01
1.468934213079173545e-01,2.498280446674755739e-01
1.963860955740067971e-01,3.305365199008969412e-01
1.048460985592236799e-01,2.049965711875564311e-01
1.335512984589624919e-01,2.533929963092432236e-01
5.162277293867123529e-01,6.586346789989232509e-01
1.415163335705173497e-01,2.816895912440556260e-01
1.866892933589119619e-01,3.723414188416027115e-01
1.266016727506034389e-01,2.385830738368660275e-01
1.095111062841259142e-01,3.104078544020098529e-01
8.160888894077780731e-02,7.252584349787129236e-02
2.163082483911607512e-01,1.915244679180596876e-01
3.477089811279097109e-01,4.902869086530874387e-01
1.281803308142575593e-01,2.931903386353507668e-01
1.155040111740929798e-01,2.589474272744695660e-01
6.440968289344339848e-02,8.297642559370364823e-02
3.062941939517476175e-01,4.646788465304502735e-01
1.377557959379220320e-01,3.887682419518397881e-01
3.027422476697220755e-01,5.759954734608495608e-01
5.445333774245187941e-01,8.553214579554906383e-01
3.805157521302420798e-01,5.646906300973110193e-01
1.776547220182153608e-01,4.651782416706711221e-01
5.295322363486933970e-01,8.184841769617893226e-01
6.214053312866416566e-03,2.266324359252780765e-02
3.914139738643108990e-02,5.274866421362768565e-02
5.912182745421186159e-01,9.160818547359723674e-01
1.048397496230491499e-01,2.186383495152909306e-01
3.689551801872933412e-01,5.757744096251153909e-01
1.085549134912555530e-01,2.520849806847543229e-01
1.046169558661091126e-01,2.965386021279240447e-01
2.494929947366254508e-01,4.341299163962213381e-01
1.597531548216014063e-01,3.798263577025389748e-01
7.451185624369529581e-01,9.170287799553792363e-01
1.907552949939091691e-01,3.318889741167834750e-01
1.202386161978973439e-01,2.278691103957314890e-01
1.868221367884765338e-01,5.026917310965681729e-01
2.151392078252284124e-01,3.171583674370161976e-01
1.799128195539873576e-01,3.674428040335380730e-01
5.408409562649180852e-02,1.335526364696378587e-01
4.610834495882377149e-01,6.510623218359234965e-01
6.573657910689710560e-02,1.200100145427964310e-01
6.093567161408965926e-01,8.137275721936539918e-01
1.475163263847636408e-01,3.768370456231521781e-01
9.659224502639106313e-02,2.536890914690965171e-01
1.608352071997087851e-01,2.848577580759821259e-01
3.503491920501645152e-01,6.431841165851306386e-01
1.119490613998356809e-01,2.944069775433965086e-01
3.028024838415799280e-01,5.973438654540632609e-01
1.524758679367542447e-01,3.640149977337874820e-01
1.003042327901573355e-01,2.940175978831561232e-01
2.995548021674634409e-01,6.883323388995039593e-01
2.982868906096231010e-01,5.496626956892227689e-01
3.295827545830923855e-01,7.319237593646742424e-01
7.090361421655752734e-03,2.604071868976092982e-02
6.982516075998418392e-02,1.757341234618551296e-01
9.047675430446265599e-02,2.546694503723040404e-01
9.397730662962595904e-02,2.469357283397174974e-01
1.289716313914167634e-01,3.725147677999459117e-01
1.978685687092514855e-01,5.016897567635248967e-01
1.542304818906278796e-01,3.597822382917889583e-01
1.461447074188363671e-01,3.325476140422118920e-01
1.506310225469819353e-01,3.206444365952717535e-01
1.586415783063866991e-01,3.412965724759130515e-01
1.020027990747936070e-01,2.465170118807498423e-01
5.929318462784737703e-02,1.470847402553923100e-01
6.352920378852169314e-01,8.105783882277511898e-01
2.382401179001901736e-01,4.331045480582404461e-01
3.907374248319529092e-02,1.292927273505665164e-01
1.112086531498049646e-01,3.357504974397524378e-01
7.044300019155691484e-01,8.937517136467902912e-01
3.253970722717837161e-01,6.341454512504677288e-01
3.486192034288325414e-02,1.491359904315713858e-01
3.576206041985412476e-01,6.185026281950239957e-01
8.104482350212086073e-02,1.970852154299277958e-01
3.379377682924829540e-01,5.425227816153914695e-01
2.219547733387382815e-01,4.425795380736896600e-01
1.066640501623397075e-01,1.794752804598652163e-01
5.310549376095598240e-02,1.425921478885306959e-01
1.500535614409319873e-01,3.796347837768109246e-01
1.554179523254378692e-01,3.436034175455244810e-01
1.311128850248432787e-01,3.049512485063787248e-01
2.238521828758043841e-01,4.541517013571533257e-01
8.108993413501053293e-02,1.851771889096657242e-01
1.096018338640705747e-01,2.733403535097876924e-01
6.204101388775142001e-02,1.428867914593409671e-01
1.207573998278770461e-01,2.707685760006248166e-01
1.663237058817522152e-01,3.536884678820379491e-01
1.019698252431997659e-01,2.067154165609762506e-01
2.020756142005812606e-01,4.236260501132323442e-01
5.384950446765515708e-02,1.671433652733597397e-01
1.847279846382771096e-01,4.012968310356863633e-01
9.106126711243212046e-02,1.571604411327125195e-01
5.967537904990757175e-02,1.505410583324278684e-01
4.481388461521633726e-01,7.753004780554016984e-01
1.076350590553172143e-01,3.013355964255072794e-01
1.176775829479479313e-01,2.605050783030705142e-01
1.820157933284718699e-01,3.585818378563333519e-01
1.094209089856041650e-01,2.823489981006926386e-01
1.066730657277933231e-01,2.816899705984253210e-01
1.655261149615429583e-01,3.087210194470228486e-01
6.053144021236792627e-01,8.701328668489177742e-01
8.342120966799003445e-02,2.183011043198721524e-01
2.920922114146126680e-01,5.911913465601147388e-01
6.987744160061905019e-01,8.940862496198720422e-01
1.506480403525241041e-01,2.626618366438439045e-01
8.862354292409441517e-03,1.008559587405984115e-01
7.450072078985563173e-02,1.984272009479342846e-01
1.643304687528883701e-01,3.390762101635038661e-01
1.781332976665622181e-01,3.756546985509189862e-01
6.261743804151730097e-02,1.311129396740247643e-01
3.472010349264757073e-02,8.801080583205397878e-02
1.202553506164760339e-01,2.547372481086961904e-01
6.467750727021739365e-01,8.722249428324968523e-01
4.642554194722841449e-02,8.143661830751561248e-02
2.251295317731797641e-01,4.247608653066728968e-01
1.038539725222621390e-01,2.151931326404208367e-01
2.018750730823151429e-01,4.169986623780034818e-01
9.806904584642546496e-02,2.220034057726222587e-01
1.102447660889344233e-01,1.054132423714870398e-01
1.416159203199177444e-02,2.763820035283330936e-02
1.173780434595286665e-01,2.297889463815745437e-01
1.774364496732625807e-01,1.899665303820883833e-01
1.565892343007838083e-01,3.355977390782020620e-01
9.518034902552725829e-02,2.164582873579462552e-01
3.956656640391288393e-01,7.437305704689780583e-01
1.179415296488494080e-01,3.021878666865359109e-01
7.382396301885070233e-01,9.627793455038555770e-01
7.001912265454502959e-01,8.841119070761457310e-01
1.690132733997435632e-01,3.077115575356398347e-01
3.274108263331448887e-01,4.766615129094899372e-01
1.845992100350939413e-01,3.747921718262737789e-01
8.083170903573008159e-01,9.588076922005703828e-01
2.601524642961629552e-01,5.913667287445032450e-01
1.980128372225260502e-01,4.561127108067538627e-01
8.566732748648206996e-01,9.683525653283705514e-01
3.855695289516193613e-02,6.731023754530786329e-02
9.601705363964471718e-02,1.330444459258479095e-01
1.087546966152532907e-01,1.960196976286626425e-01
5.801605981931237666e-02,1.173497563536892718e-01
1.132740374536172767e-01,3.131934359548357860e-01
1.850841159216360665e-01,3.808919799652620286e-01
2.072106777885433515e-01,4.041990212827822337e-01
7.032428532955654898e-02,1.531137054454921598e-01
4.196980382407841104e-01,7.879889430713797882e-01
8.763921636492430500e-02,1.547023896119201769e-01
1.041352676563847418e-01,2.570371061513579969e-01
1.526330636009123609e-01,3.153297365262698326e-01
2.261136048412319341e-02,1.625719606751394597e-01
2.244268863300051542e-01,4.991216050930776804e-01
1.928699189398967728e-01,2.983982529633129044e-01
7.888897603356724575e-02,1.329706231195607047e-01
1.332696267697966452e-01,3.355848893918758624e-01
6.450849467159362749e-02,2.233138124831955396e-01
2.981643295186981457e-01,5.019491399076291271e-01
1.100926883167049064e-01,2.679571929370920813e-01
1.311007775992936164e-01,2.795385412918836021e-01
1.168950636015468197e-01,2.575141162896199543e-01
9.574089526766048353e-02,1.777764232789263987e-01
2.310782710419829675e-02,4.179920275653625228e-01
1.368009856511427091e-01,3.209541072783316240e-01
1.529751843982183612e-01,2.913933662554435977e-01
5.316581311415705668e-01,7.573842862345930849e-01
1.895120869472144698e-01,4.350414134833803792e-01
1.820523030830737132e-01,3.581148059626999558e-01
2.756022774271861264e-01,4.150565625199228448e-01
1.587616379872366090e-01,3.307226154356457393e-01
7.389043072071592722e-01,8.322439071611735795e-01
1.180340472316550593e-01,1.785502779273228369e-01
8.497309942689917905e-02,2.423509904013535499e-01
1.304908091874616427e-01,3.515261042668021974e-01
1.821527764188363985e-01,3.800779504797138775e-01
9.398400879281962328e-02,1.928670243567936760e-01
1.961426851304075292e-01,3.841544927216157257e-01
1.268277802559380774e-01,3.068079083935911222e-01
1.070533709908467329e-01,2.342415352975796006e-01
1.475299599810180329e-01,3.228311802891338789e-01
1.000933896496860043e-01,2.883819220291101160e-01
1.510834156612044232e-01,3.258993888716008036e-01
6.922104272477445086e-01,8.632836060662080202e-01
2.088453498190999957e-01,3.439441750558316913e-01
1.370675415645203864e-02,1.076701583459748202e-01
1.235606252169937913e-01,2.835782053256127311e-01
5.673796269682782611e-01,8.499872858606880577e-01
1.280096583558978929e-01,3.532955793015198354e-01
7.132742753292992122e-01,8.932272999907953093e-01
4.117705470458191686e-01,7.537777667968049711e-01
4.369163005234977804e-01,8.185100939834948353e-01
9.585555386795373278e-02,2.461047449169081747e-01
2.508440010616156401e-01,4.624271708027924976e-01
3.582569861983344039e-01,5.663624326930766228e-01
3.072983061098596425e-01,5.177462322819510465e-01
1.144985477681328273e-01,2.335726887715214029e-01
1.682229136187906038e-01,3.555469380093085330e-01
4.773807730535885030e-01,7.370171690688265276e-01
1.736834341718126173e-01,3.386289865792402320e-01
1.122815761613038255e-01,2.986180264381645966e-01
1.038478866346295576e-01,2.407419834484889887e-01
2.222866581936425723e-01,4.666634828158771064e-01
4.303238454037783267e-01,6.879826704586524677e-01
2.607555917299994586e-01,3.997751552190300650e-01
1.843812962007599088e-01,3.870749759090296727e-01
1.558311012200945256e-01,3.412498707885591176e-01
2.876396385168420444e-01,5.295060265703320779e-01
1.687077552923227086e-01,3.937998793230805261e-01
1.343683840864646206e-01,3.094190281184182045e-01
3.779956384798655727e-02,1.462884317755452634e-01
1.575179802973493970e-01,3.339506557673044274e-01
6.309915931640190934e-01,8.311609566075710553e-01
7.820177078002191196e-02,2.037327376833788506e-01
5.978941100169366668e-02,1.082130243664162772e-01
1.614545550382898986e-01,3.941690813348246447e-01
1.127488910838697761e-01,2.703988997242481873e-01
1.561109864469792663e-01,3.933412765792836940e-01
2.412481790545234484e-01,4.829554542001079920e-01
2.532837425516136776e-01,5.098047754280318200e-01
1.927939471269556893e-01,3.841377411802658348e-01
5.455809488053942058e-01,7.977978807255229343e-01
3.729929807400337305e-01,5.686424131074928612e-01
6.999460689898843180e-01,8.844223035748861594e-01
1.757165264495478274e-01,3.965910271549440980e-01
2.193109852508646485e-01,6.213589624794266797e-01
1.847409630476673503e-01,3.547502599075449958e-01
1.672888811343810900e-01,3.588448813735384824e-01
1.475865060980409427e-01,3.527313415400928354e-01
2.078228771333910652e-01,4.513422331831545287e-01
7.265321706666350021e-01,8.954444955406543061e-01
1.107734657144195251e-01,2.749630789410300591e-01
1.531537192990391205e-01,2.830521125928289194e-01
2.290455684449393403e-01,5.440687215788173603e-01
4.495901469360872454e-02,7.756440028403854825e-02
6.475500067312060792e-02,1.689366370629283298e-01
1.243703324426313345e-01,2.496606284167332823e-01
1.552500135485403165e-01,3.611170796809199390e-01
2.614192779708142678e-01,3.373654336337886805e-01
9.402326059334789599e-02,2.212326603989051843e-01
1.366611977032047565e-01,3.138475362494869136e-01
1.016023965401540025e-01,2.306921960157887197e-01
1.767787797792007287e-01,3.713108440439611968e-01
1.365206912777629233e-01,3.242655454319693931e-01
7.944696848070750828e-02,2.062984849465140380e-01
1.290482123795921587e-01,3.246703230435729060e-01
7.409776783171340142e-02,1.992605623139685200e-01
1.463369880438002146e-01,2.868223657903002932e-01
5.180751330520805276e-01,6.487746367831480621e-01
1.468975303950200706e-01,3.189144767442813055e-01
1.714646306677038434e-01,3.671788551905452724e-01
1.108580357882585909e-01,3.440095748743035586e-01
1.589836310775986916e-01,2.759395860754030871e-01
1.071587962552376511e-01,2.677501880311526916e-01
5.128575565060209535e-02,1.794187941436124478e-01
2.014727984525603866e-01,3.835834107105732804e-01
8.118230966178636987e-02,2.051335899614844249e-01
2.779268488434421536e-01,5.854161694450900066e-01
8.066646806800349401e-01,9.331512895182249023e-01
8.264258411349389988e-02,1.760902996534040033e-01
2.440720299102834279e-01,4.315653900737955184e-01
1.213435717986736939e-01,3.190471054174012777e-01
6.985211102568233965e-02,1.471853058591678087e-01
2.328698010075667679e-01,4.700220209190996701e-01
1.340946339786992791e-01,2.594405807200910186e-01
7.633224366211985301e-02,1.497397310190135833e-01
1.364635468251948480e-01,3.585225139349921264e-01
5.347655972228013838e-02,1.322584667284074644e-01
1.439899257799058252e-01,3.658358625134541797e-01
5.177136021063206694e-01,8.271373758466787907e-01
1.418292051165340462e-01,3.277791714650900579e-01
9.907533948101657217e-02,2.107353869443658878e-01
1.550404300380965050e-01,2.959765893904926504e-01
8.066682288587717631e-01,9.214664636243796725e-01
5.610844013188824586e-02,1.318248271435918106e-01
7.013959259347751773e-01,8.478615196548295874e-01
6.229159159350134978e-01,9.209900548090554917e-01
2.386740560477023931e-01,4.449965593906325401e-01
1.520336124902130492e-01,3.665125058077123854e-01
2.661207338299432790e-01,3.616532894456325753e-01
1.251149510662451225e-01,2.917869970436889893e-01
4.536664126050225093e-02,9.123087674114982448e-02
2.637677362172891754e-02,6.568425152833766434e-02
8.248179081413879732e-02,2.393484983192160909e-01
6.689410364071822768e-01,7.010315596887990441e-01
2.068737517958071370e-01,3.679106415067749936e-01
1.088386957923151571e-01,2.373868468947779586e-01
4.957928458990115139e-01,7.462500337659035976e-01
2.626212533018749129e-01,5.060782806120457389e-01
1.423165874456407964e-01,3.540215734668478720e-01
5.406183366665701095e-01,8.319181073907694346e-01
7.455591787477374721e-01,9.055466063215312778e-01
6.990958116244902487e-02,1.861174797386414004e-01
1.630442059635886232e-01,4.097751915315254179e-01
7.805806889808105664e-01,9.047476556389461022e-01
3.698690890452782654e-01,7.400847356269476540e-01
1.101746717141964677e-01,2.453506073294658418e-01
3.132718405836091291e-01,6.258106495189909024e-01
2.648644536513769521e-01,4.934282078972738184e-01
2.070409746854333377e-02,1.268457998458913938e-01
8.546431319847003216e-02,2.589713019964017815e-01
2.713625627956738340e-01,6.006356586664391983e-01
1.345349821201848595e-01,3.161302753329694459e-01
5.804717596799425783e-01,8.536417104881468543e-01
1.860663502728472640e-01,3.873492066115088450e-01
2.434626863123248997e-01,4.570303438040344557e-01
1.981373470188717567e-01,2.731163106822119824e-01
2.189253225871400921e-01,4.363332803106982349e-01
1.721304395832058964e-01,3.634470703901149236e-01
1.155691390697926174e-01,2.020063642503723278e-01
4.084462275730466746e-02,1.317041080669735797e-01
6.948350456566024236e-02,2.792796832056079759e-01
1.509517834240965140e-01,2.714786842510021891e-01
7.599843223811282300e-01,9.106232865438662616e-01
1.939564410939415007e-01,4.339714138931973220e-01
9.695056324350799504e-02,2.400920914313540155e-01
2.826606782051756250e-02,1.062661351708620999e-01
3.138301737867611463e-01,5.640404239905245642e-01
1.351579499397685125e-01,3.972547078330012638e-01
9.131946082607166060e-02,2.209813052374668962e-01
1.070984612990559526e-01,2.265518616812672026e-01
1.431248170376963058e-01,3.418985527360825505e-01
1.845960137764745268e-01,3.228239407823515483e-01
1.114947514866028722e-01,2.614532862030667371e-01
1.357538363474527499e-01,2.652045402654613082e-01
1.476792536389901489e-01,3.608236055626338201e-01
5.966157840859176442e-01,9.014785281821813268e-01
9.990666338972938043e-02,1.921982694829553751e-01
1.522792689285120959e-01,3.386206344419060432e-01
5.755278983745306665e-01,8.567418366910605210e-01
1.187656624918525389e-01,2.262465085105949680e-01
8.438633138130950673e-02,1.813027428976692335e-01
3.449814664521163032e-01,5.953483778478805277e-01
1.941263746124164691e-01,3.331167704626790682e-01
4.805196715716751887e-01,7.418761859633475897e-01
4.048480115386463712e-02,1.976288329638941910e-01
1.379461167594595861e-01,2.624256372835984674e-01
1.471469729273331140e-01,1.747854044633265491e-01
3.361988654411917077e-01,5.104390011824873064e-01
3.205799852444044667e-02,1.348541358821609693e-01
1.053833945656127563e-01,2.044076245008796255e-01
2.848433592405225645e-01,6.157485239201918592e-01
8.398656433278568756e-02,2.647844980482905175e-01
1.554313806196323533e-01,4.132022484394352602e-01
5.908863125925921667e-01,8.775856766792896613e-01
2.043396327789417100e-01,4.344697371571399347e-01
1.614823739811848125e-01,2.962644233635299273e-01
3.575809270692106856e-01,5.559698467040128378e-01
1.564453526195896116e-01,3.585937088300248377e-01
4.284729833851975700e-01,7.103695431629165613e-01
6.813333189723930206e-02,1.765056738176951912e-01
2.259998637218983697e-01,4.354426565099582813e-01
1.500515338379443120e-01,3.517844982518996133e-01
2.750648990708274844e-01,4.558918491757024682e-01
5.985736876975283893e-02,1.206740172146938406e-01
1.424635310283335898e-01,3.009389437329946793e-01
5.502534052714832535e-01,7.759450041662615538e-01
1.397017148857477020e-01,3.042795726446372861e-01
3.575333555237181771e-01,6.427275594388733859e-01
3.221000853256935637e-01,6.400326727377150249e-01
6.859523772392485119e-01,8.732308509943538244e-01
4.555996199875840535e-02,8.379056724800373890e-02
1.690956154784725163e-01,4.149660530453738727e-01
1.357955843306201393e-01,2.992810304436314128e-01
1.976188027297474947e-01,3.834214655221896417e-01
7.400036375686167567e-01,9.176581832695636098e-01
2.708909725039154170e-01,5.069341336399351139e-01
1.543243487507893474e-01,3.804672580285629602e-01
4.840022135590306696e-01,8.070407421167062889e-01
3.385474495636736636e-01,6.195161561027887620e-01
5.144988802700419805e-01,8.569310760705843855e-01
6.929990105225593278e-02,2.216183839514696829e-01
6.648058941769885433e-02,1.844185014266607192e-01
2.510390455309272628e-01,4.317839921098125533e-01
2.171679355652481602e-01,4.396883039427785800e-01
3.606207800113424289e-02,9.594715996045106998e-02
1.788971481284869561e-02,1.624140650789067108e-01
5.194313145143969468e-01,7.833536686623990830e-01
1.549230723974609203e-01,3.085114413483835971e-01
1.369629384887607326e-01,3.022030076153939815e-01
5.056429654149736663e-01,7.690265220608821783e-01
3.313615186597962392e-01,5.462755752204446758e-01
1.107671771971520808e-01,2.367149617724470245e-01
6.431228004485368965e-02,1.969225730471814151e-01
1.416595169654791819e-01,2.592019929264171019e-01
8.985618371235705448e-02,2.149042296793470253e-01
7.627067020168090683e-02,9.722684729781233548e-02
2.432989333292341627e-01,4.279288617252385851e-01
1.520642030359976582e-01,3.121380611352503887e-01
5.913326074847408131e-02,1.847089670176737253e-01
2.338918970171945944e-01,3.595838602540145645e-01
3.241294755422766041e-03,1.406890895427184984e-01
1.351135301809524292e-01,2.333859510657900760e-01
3.088719176118942533e-01,6.622551225954397269e-01
7.130554311846371007e-01,8.826756016373720204e-01
1.551710255171487585e-01,3.819542222350295058e-01
3.473926027990664189e-01,5.953668778303073950e-01
5.234805191379060529e-01,8.058272927958816112e-01
1.864582275868495453e-01,4.110831682638527163e-01
1.159301648048432776e-01,2.881047656116574873e-01
1.971438627579369662e-01,4.028563423747429373e-01
1.649875508957536208e-01,4.240027751813073009e-01
1.216844532894460068e-01,3.190466826624925867e-01
8.428069484922128263e-01,9.598494043612094684e-01
1.646030688003272957e-01,3.142668008047568851e-01
1.354094195320185989e-01,2.929694399609966138e-01
4.129716071710381464e-01,5.993545152287402811e-01
3.165667076547999392e-01,5.076839501800159971e-01
2.283491533360058889e-01,4.475663429895603285e-01
1.220781645446047947e-01,3.029616351460058810e-01
5.241524256095590056e-02,1.669571241427998398e-01
1.601037957259687505e-01,3.566483271657667764e-01
7.234919248006619341e-01,8.865326416616290395e-01
2.745263781737221076e-01,5.651669854218539513e-01
2.792313107286397700e-01,5.946816132020597001e-01
5.039391811373418184e-01,9.062794179402620109e-01
2.554878836466997205e-01,4.778782224045609595e-01
1.707339597135960618e-01,3.547602380043358150e-01
1.711232062209496474e-01,4.089526942514891683e-01
3.655119929435319270e-01,6.732548341053609109e-01
6.623827119370252758e-02,1.514605161881406037e-01
1.132512350981583760e-01,2.305330817405359112e-01
1.233522597222146133e-01,2.824429630005593217e-01
1.169917772233808884e-01,2.425126313592565475e-01
4.690542243709265591e-02,1.202387481297703953e-01
1.368351516961444636e-01,2.788498819996376721e-01
4.540655983802256712e-02,1.274529829324334285e-01
1.447489936272888522e-01,3.724381543169485442e-01
3.069437809004367801e-01,5.622618429285626274e-01
1.185070862650299539e-01,3.000254426920578310e-01
1.304643750333841778e-01,3.214219458031716270e-01
7.226793602374644854e-01,9.135593460289739287e-01
1.547672099626192510e-01,3.511350408472061480e-01
1.309090129165208505e-01,2.999603361114527855e-01
1.545759953672445203e-02,6.527778771252142065e-02
8.272180263166938330e-01,9.298681628104337182e-01
8.005612631179169492e-02,1.589847606578992378e-01
7.404153012928167410e-01,6.607243936272236828e-01
2.659994096137004438e-01,4.775164291809896877e-01
1.784014412059186372e-01,4.065644870734166916e-01
4.450018841169481321e-01,7.408409757630811665e-01
6.901396643527223096e-02,1.368914417437286923e-01
1.500005679779945755e-01,3.005036337142877323e-01
9.088866167033791965e-02,9.312692042026091133e-02
8.530704728645523149e-02,2.647320271862254049e-01
4.432729542807550827e-01,6.490800558998028880e-01
1.115702377299932907e-01,2.888983549285051300e-01
1.055685421328165230e-01,2.653906433459992109e-01
1.640934082028561170e-01,4.582067277362822932e-01
9.338227882516059522e-03,7.804286790549978814e-02
2.281320344009197532e-01,4.039965078154346134e-01
1.366024078514987417e-01,2.530292884680871435e-01
4.472176546986310619e-01,6.250961175675781023e-01
4.666232657151181407e-02,1.093006505858519911e-01
8.332110459929858992e-02,2.932103065536961206e-01
2.249512201247705068e-01,4.777406605243806892e-01
1.198121238411267581e-01,2.998252954061862430e-01
1.735572424045986883e-01,3.441328853599341930e-01
8.613566262881053315e-02,1.517210855049531126e-01
6.978796623390741416e-02,2.081776507002579546e-01
2.207111079635219464e-01,3.517342873626219113e-01
1.089268816719232980e-01,2.750688411384305532e-01
1.188268736698719352e-01,2.534868035752536053e-01
6.740419824096673951e-01,8.980506550449832703e-01
8.038856276250574417e-01,9.386337267189429623e-01
1.538558871871770484e-01,2.858051172801634454e-01
3.496285282979774700e-01,5.811790928217769325e-01
2.041114609956283521e-01,3.827154497519716370e-01
9.315706588650161935e-02,2.656443236873848868e-01
2.259712193152021986e-01,3.995533887684342145e-01
5.188584234264909112e-01,8.617518238935218955e-01
1.120834435734011925e-01,2.959717218046794551e-01
2.765994899217350533e-01,5.605719449171718827e-01
1.330740118416967321e-01,3.137434434666973582e-01
3.438237846361922312e-01,6.134810736729791047e-01
7.875195142970672912e-02,1.908000662059816666e-01
2.981589498524199189e-01,4.477491992106244489e-01
1.624126749451311191e-01,3.454377083405462678e-01
4.521765239683728788e-01,7.917359936389953834e-01
1.293577911350664300e-01,2.808726178999031986e-01
2.145827392672979561e-01,4.453876209517392826e-01
8.143068122850734281e-02,2.457126286822147454e-01
5.661892034010271302e-02,1.656804847956027671e-01
1.285116136881936377e-01,3.007959554299124982e-01
1.434916859486088103e-01,2.591461888491335963e-01
9.410826188880415388e-02,2.332669134885855811e-01
4.342094098785032052e-02,8.342478546009064744e-02
6.311963336863154472e-01,8.688763821908696006e-01
1.370049675344441331e-01,2.934481210436340470e-01
1.734879000539128469e-01,2.670876109599099602e-01
3.329889789374529951e-01,6.571320733579613105e-01
1.588383016225879962e-01,3.359937631481064169e-01
6.952545424720042722e-02,2.870524041399867277e-01
2.782277568652802291e-01,5.608841817116613226e-01
1.591642926104383793e-01,3.807269885767454176e-01
6.802273155235276370e-02,1.271859496799537526e-01
1.898345948768607738e-01,4.447063987501400639e-01
1.710727553791808186e-01,4.078581065067972689e-01
9.302416755853948338e-02,1.360983077782193518e-01
1.031512265862025712e-01,3.088050954736614173e-01
2.054430340025402701e-01,3.891757061217612779e-01
2.669620525272837774e-01,6.049462486654623161e-01
8.936366264708975882e-01,9.758078379214684128e-01
1.423500200547057892e-01,2.805739697820571754e-01
1.804301889804747761e-01,3.337813844400538410e-01
4.412423567186909978e-01,6.188547899670125974e-01
5.584713464398863847e-01,8.625934266510794091e-01
2.593394291720451661e-01,4.690973853148707184e-01
6.616641682772788080e-01,8.512697241699733741e-01
1.227419966334796775e-01,2.878704350773566567e-01
2.353594740817515352e-01,8.005314067537222522e-01
3.621270981938464195e-01,7.618728026975467582e-01
1.332464426959984738e-01,2.488337153125709245e-01
1.595657753184827055e-01,3.848307814240943814e-01
3.963439059437949830e-01,6.517721387884019002e-01
1.246059435072509602e-01,3.776944164388322256e-01
2.733310964558530176e-01,5.650024059515821317e-01
6.727451467322004275e-02,1.543827421282621404e-01
1.409123986793786865e-01,3.912352548079795489e-01
1.698834530668179299e-01,3.497229331687634057e-01
3.298673029721599370e-01,5.564283610337169561e-01
1.398670368740018710e-01,3.707727818342000936e-01
7.084742228905825667e-02,1.900693125493053970e-01
9.820203675678013111e-02,1.895401016347534051e-01
7.927057161931611029e-01,9.161646883170919686e-01
1.301558481133211209e-01,2.992289681211613428e-01
3.643223707440501058e-01,6.480420363637389158e-01
1.497004117157388625e-01,3.063161981267762402e-01
6.898007882301033789e-01,8.781402386116933245e-01
4.836561361956320110e-02,1.533042879481629484e-01
3.070299454767950742e-01,5.023135639371254513e-01
1.611101450535220858e-01,3.120292965072500868e-01
1.001050459540715892e-01,2.748856506521061838e-01
7.972827185139669259e-01,9.575304395236057253e-01
5.205774020166698685e-02,1.607666947551223968e-01
5.435814670458753994e-01,7.682132246545140264e-01
6.955795727309818655e-02,1.841982711796754935e-01
5.188960690225862676e-02,1.346216400139539082e-01
1.434722810696652251e-01,3.396458977118425593e-01
1.204851732557367938e-01,2.454842779735306180e-01
4.304721424162672450e-01,6.937528878665832899e-01
1.000028621943386820e-01,2.367866151389546869e-01
1.260021862740354215e-01,2.909997783129547599e-01
4.157197680615704050e-02,1.077027583931822602e-01
1.224896880265358284e-01,1.989909831911294003e-01
5.308837425750607686e-01,8.484067196637508079e-01
2.886563359024152953e-01,5.609964658331257903e-01
8.009454801323245832e-02,1.780573528947801132e-01
4.784406756501557445e-01,5.125109834615950710e-01
6.783288868291615925e-01,8.725489288439265412e-01
1.346299254208760954e-01,3.374531195420215068e-01
1.898289873652192761e-01,4.293883394015347577e-01
1.725062523058148167e-01,3.696092799283288710e-01
1.108160421581314836e-01,2.211956836926909087e-01
1.433745266421235787e-01,2.847117590243536944e-01
1.987413598643151535e-01,4.308023064944714320e-01
1.318728940341016842e-01,2.985973096120159154e-01
8.308219652824212764e-02,1.970801046465866790e-01
1.317213422640142739e-01,3.126899510748800126e-01
1.124921540632301542e-01,2.353943080432177037e-01
7.797838261236204882e-02,1.995642410502394826e-01
9.847440702865123408e-02,3.730199314225737250e-01
2.794382148327418935e-01,5.880070410184513596e-01
2.810662967497528086e-01,4.209728035929343193e-01
4.479763756056231450e-01,7.035389320909933852e-01
1.757008026591147243e-01,1.978637567684636556e-01
1.724005540809136205e-01,3.924023589383277555e-01
9.822718859125087465e-02,3.019877475069800421e-01
1.257617358982683620e-01,2.917676063168807565e-01
5.110306827684872877e-01,8.493350786257067853e-01
7.283510177724240586e-01,9.414580993419516819e-01
1.358115059619868226e-01,3.124829249900851758e-01
4.407470370716756042e-02,1.121972080083220580e-01
6.861326708758624937e-02,1.166164815303462055e-01
9.099825043153064730e-02,3.125545871794744857e-01
7.190272707193258450e-02,2.122207613569474238e-01
8.675750042556085173e-02,2.222097680874191572e-01
8.091733133066657258e-02,2.418581466686493264e-01
1.895793948966017217e-01,2.318802957114164121e-01
1.700264983378207140e-01,3.125571247013231302e-01
6.089417476179911914e-02,1.617747253783373695e-01
9.660703536647466949e-01,9.970982205490867001e-01
4.275341617378741743e-02,5.075157284331101998e-02
2.091549872296916968e-01,4.034985122582769312e-01
9.592738914120275961e-02,2.298932993085072984e-01
1.699043181226612687e-01,3.648425666335147199e-01
1.496479222072037152e-01,3.974272700535870784e-01
6.962943478371469430e-01,8.799447989992290609e-01
1.257578900871322014e-01,2.901468220929115382e-01
1.403942232541809942e-01,2.622084767413241924e-01
8.683625645121693937e-02,2.693381374987421917e-01
9.063431535682275886e-02,2.641926249630622281e-01
5.439917324935914511e-01,8.522489154355246121e-01
8.205190216007085535e-02,1.194100164612620502e-01
2.123716999897629076e-01,5.407108218939062905e-01
2.621845621897266887e-01,4.450642815114896345e-01
1.515834130676202707e-01,2.923082735801363352e-01
1.494041255453731620e-01,4.005649517198397458e-01
1.049973117783415677e-01,1.870015814000941246e-01
5.434725151800644527e-01,8.299991309969371178e-01
8.256188271212856478e-01,9.468908579602786091e-01
1.183559727679366208e-01,3.023619003593267518e-01
1.816177399955307692e-01,3.689717953656617144e-01
1.351994231151203152e-01,3.159253550899691620e-01
1.751632362638640417e-01,3.060227726865489828e-01
1.621687351962478874e-01,3.065017963395764711e-01
2.834541062807843792e-01,4.488552668348853025e-01
1.490572253038053019e-01,3.631937251284675927e-01
2.023663661768539679e-01,4.190672667289708220e-01
1.018070420579475083e-01,2.280389020791552812e-01
7.414806198671615445e-02,1.967158195320899416e-01
9.519950168239517396e-02,1.983316310146752137e-01
2.779981114086076469e-02,2.162556900060075005e-01
6.205478932674873827e-01,9.392949330976949618e-01
1.018798784236410737e-01,2.287670295852193558e-01
4.533367991676924835e-01,7.030307147850359817e-01
1.070492750297636214e-01,2.481931178136356497e-01
7.160099858447907528e-02,1.558093313118489864e-01
2.055191666536157757e-01,3.837695498442577624e-01
3.461829936141995190e-01,7.999715778150868761e-01
9.575251523976452406e-03,2.434051551947436498e-01
4.056951444545175423e-01,8.443996516770997385e-01
7.890324974175529082e-02,2.399465918005593834e-01
1.343895978315033934e-01,2.917183490305365057e-01
6.526654724085427794e-01,8.225386629583243403e-01
1.227291976821532626e-01,2.783970781910005687e-01
5.515933441900633394e-02,1.388203520608177477e-01
1.641183799252989017e-01,2.733611458027468410e-01
2.527622168202499076e-01,5.299288273146616213e-01
1.055323191133649280e-01,2.597312047925173228e-01
5.261485670212236176e-02,4.434337701878070526e-01
1.533567574700810954e-01,3.243049578675292755e-01
5.707247203791444567e-01,8.450540055040385301e-01
6.486878641978326143e-02,1.435396974540465165e-01
1.141701471498050013e-01,2.823762247816219983e-01
1.012207273662947826e-01,2.379298238987697378e-01
1.471995136782949243e-01,3.120437993205659177e-01
3.366395141491669296e-01,6.129040858489525068e-01
1.690829808333924877e-01,3.383949109858105375e-01
1.513816510808281557e-01,3.166033118994106554e-01
8.591915335619737526e-02,2.711425917705756472e-01
1.170365043114794806e-01,3.108650488940722378e-01
1.355660693007632034e-01,3.220731426942831099e-01
9.288555273579113258e-02,2.646394511047130416e-01
1.492566577403138528e-01,3.527141310330998425e-01
3.637548418744954715e-01,6.152524179092683232e-01
4.727479335057087617e-01,5.839717892975954117e-01
3.721224611175534547e-02,1.459459536615756448e-01
7.380715439432978808e-01,8.965240072265218130e-01
1.659219574551206167e-01,3.026848393432018947e-01
1.210093176607623805e-01,2.627678280969197311e-01
1.159825690779173329e-01,2.797691544862738189e-01
5.295885007634498071e-02,1.227213462019708101e-01
2.020751104852101243e-01,3.812407497684487390e-01
1.511932471064369732e-01,3.041134893535994976e-01
9.076765437236132550e-02,3.347779205803254610e-01
1.551981224038845031e-01,3.952060965729695119e-01
2.649411081569412740e-01,5.909942463565732718e-01
7.891533110723829292e-02,1.738828471007793364e-01
7.514440264277107151e-02,1.111557178885139441e-01
1.601018013274472795e-01,3.703559206183293928e-01
1.688577056037806334e-01,3.750494075272156613e-01
1.134502138630003321e-01,2.578680385922719753e-01
1.409533555875501498e-01,3.178373537294668649e-01
2.745400973278139811e-01,2.958464851555176467e-01
3.085117431484524775e-01,5.952876884666341573e-01
3.797694227252274013e-01,6.042340322832967514e-01
2.187622646876362098e-01,4.413309485131320931e-01
2.886463022886689989e-01,5.549483094198389699e-01
1.766724531715584412e-01,4.259440652880343015e-01
2.023874600365510312e-01,3.755136578283262971e-01
2.641762021133194915e-01,5.138815088146075905e-01
1.443215644954027599e-01,2.954030898167382402e-01
5.780053844455665946e-01,7.903568192715603180e-01
1.448867263089428370e-01,3.379943386208631440e-01
1.415906885469245952e-02,1.241039973419039294e-01
9.323205605981021993e-02,2.561172135088919388e-01
1.223853470808378835e-01,2.319219913458546445e-01
1.287609360176289741e-01,2.858944784621001989e-01
2.122734683608312467e-01,4.547256384935379758e-01
5.528019710703816481e-01,6.896081372032745183e-01
6.496328030429212586e-01,7.427722120817618068e-01
6.125194894199826878e-01,8.758611116946007913e-01
1.552525438568421734e-01,3.949657701511147256e-01
1.577176356086595899e-01,3.581091572481687746e-01
6.563701070651458691e-01,8.657061614091142721e-01
1.186336654819918762e-01,2.260104173905258251e-01
4.558389492244281915e-01,6.447845389667546945e-01
8.306618579806387959e-02,4.262858351946847146e-01
1.184926067204969402e-01,2.959087284421485498e-01
9.928154731304422720e-02,1.468399365921617128e-01
3.065884363057012618e-01,5.756190547852312323e-01
1.066503108324114990e-01,2.157242550553562510e-01
1.056481416283765601e-01,3.136015097256161788e-01
8.587227540662728531e-02,2.116483832338254267e-01
3.192036140867203220e-01,5.312027962274715742e-01
1.532209528927886699e-01,3.926817824499783671e-01
7.198469315211959707e-02,1.687042596125682414e-01
8.455521467770700517e-02,2.449415670703991299e-01
6.252299491510070195e-02,1.733010840858303092e-01
2.847146706778153624e-01,4.497027121023481344e-01
1.025834200312454314e-01,1.382777305498121556e-01
1.858190105404760040e-01,3.517877634601481729e-01
1.811668353581724622e-01,3.023136186441109929e-01
7.280046181076240686e-01,8.962022854379326775e-01
1.500205398709855420e-01,2.539529835310309069e-01
1.636896437761367062e-01,3.453803586891212585e-01
1.235722845101983741e-01,3.145044261609212244e-01
7.059991370062660421e-01,9.066506530389586427e-01
1.460225526493527937e-01,3.757608088638710875e-01
1.015236670126610646e-01,2.665567310176646387e-01
1.139309790569003195e-01,2.207156137673273177e-01
1.475940901685214857e-01,3.093880710861854344e-01
1.488708441301563878e-01,3.291089362067318169e-01
1.489688636523282261e-01,2.234737107315932503e-01
1.692002362197881915e-01,3.448875845632374260e-01
1.448233336818354478e-01,3.160969457259055759e-01
8.286741442410723579e-02,2.196796523914228139e-01
3.443472775793552376e-01,6.595770733206735015e-01
1.881003802631127375e-01,3.731667089403724602e-01
2.922663213388861370e-01,6.394026610847626246e-01
1.690242902491146115e-01,3.524227114589468246e-01
1.333515457127352477e-01,4.727780135278073503e-01
1.188092469944877910e-01,2.200059812076043120e-01
1.654609171924913136e-01,3.753612748758892725e-01
3.602525692375642685e-01,6.049170788571848201e-01
1.146447907871691319e-01,3.027050022039217692e-01
1.514627863916897244e-01,2.157390950125966378e-01
1.133940448283335817e-01,2.562639261003758495e-01
5.069877277821360773e-01,8.715294104203128445e-01
1.108465874011475560e-01,2.360781395243713443e-01
1.106285261670147541e-01,2.432440325612525989e-01
1.297649492198345855e-01,3.080696760998765105e-01
2.303746758494059077e-01,4.620320099258248270e-01
1.935120995316041148e-01,4.220741326684129269e-01
3.551457123151069428e-01,5.619097807207791284e-01
8.184909670286445449e-01,9.369975678296716959e-01
1.797032541631899683e-01,4.005649420023151275e-01
1.765999509222157260e-01,3.677852219433265790e-01
1.093088037663206419e-01,2.673957478658698927e-01
1.873965185035516845e-01,4.077828567402221882e-01
2.217803014620909619e-01,3.051297265227554956e-01
5.844498692596452605e-01,7.804533840542225986e-01
5.221375835148420880e-02,1.313461995813286765e-01
6.876953574160692140e-02,1.130089560531937209e-01
3.405612887507011299e-01,4.630799940278659266e-01
2.999666455008436206e-01,5.686277120002563024e-01
6.952189047868381211e-01,8.938301974346881673e-01
1.298442145183127117e-01,2.758028088072656536e-01
1.644109732018513292e-01,3.042265925718405928e-01
1.758627404942089967e-01,3.971410557093872917e-01
6.165891470645797762e-02,1.457712155442494328e-01
2.427981523025975544e-02,6.568134825274113409e-02
6.117889586488231557e-02,1.842131695446008466e-01
1.363710524809980118e-01,2.989675680398502511e-01
6.215800297335491997e-01,8.627795168645926438e-01
1.298887789429473416e-01,3.086133532223086506e-01
1.816844530418934567e-01,4.313496828197310173e-01
4.051940208157364665e-01,7.123256902590021644e-01
5.735913812490941455e-01,6.961900331773320794e-01
2.433784691146415047e-01,4.515063958244623366e-01
5.555682042091119044e-01,7.177709628823486510e-01
4.537016037344481639e-02,1.635691359431430403e-01
9.467064275489478486e-02,2.542938829602188755e-01
7.537627174937031049e-02,1.553014365566834643e-01
1.966485154472650543e-01,3.949139805915216073e-01
9.993184004495178629e-02,3.079203187855907853e-01
1.008932712964336759e-01,2.374886635729329676e-01
3.267809014280735891e-01,5.383221626280192407e-01
8.031683544188492063e-02,1.628204025442165082e-01
1.221559182770041579e-01,2.224364802864570445e-01
1.710917704162722985e-01,3.263796104477899029e-01
4.579195721462300112e-02,3.846274880830605203e-01
1.628544912997794969e-01,3.054401837514607587e-01
5.523084896143514583e-02,1.233052407270263939e-01
2.890595897517070356e-01,4.054459985810211498e-01
1.761042822435416044e-01,4.156197412243125555e-01
1.488882915211998947e-01,3.139003440288433699e-01
2.169534791533106188e-01,4.038813077332970014e-01
9.843121404366080018e-02,2.387252366769488376e-01
1.762024901961022350e-01,3.889155597427221833e-01
7.325139787524134194e-01,9.090929950108606050e-01
1.793244762909763090e-01,3.668077437712482514e-01
1.019432366134685464e-01,2.245751176523820003e-01
7.366208233712441544e-02,1.750963346853792457e-01
1.032091938081178412e-01,2.500193328676600935e-01
9.033540976636648956e-02,2.481357999302149786e-01
7.969098178191873216e-02,2.848388343975805093e-01
4.486117471360907549e-01,8.139690389903512235e-01
3.022280210424231617e-02,3.310706776594481843e-02
1.052851731180114436e-01,2.075342950282115240e-01
1.909023812615891491e-01,3.786964210594731539e-01
1.138700862317670176e-01,2.270083282382046319e-01
7.072217697143395876e-02,1.626169688476082897e-01
8.239098528449146919e-01,9.534688046676405015e-01
1.671393049443972711e-01,3.154759840294277251e-01
1.305227820170396236e-01,3.528088710475411616e-01
1.834452588273036422e-01,4.035469992117454718e-01
7.248253472124378295e-03,4.568064983193714096e-02
1.837447344112408676e-01,3.331494778444089033e-01
7.744041637075274598e-02,1.804099827368867981e-01
9.574967305316102462e-02,2.213549653218055135e-01
8.460293951222933040e-02,2.236850240464895723e-01
9.181906608936675485e-02,2.365815865153834407e-01
3.184226493545284642e-01,5.528062429342014417e-01
1.997130032790758736e-01,3.719138336495899089e-01
9.958833499345311202e-02,2.587040895374123073e-01
4.835404060433454859e-02,1.385338924564601115e-01
8.539345070591587705e-02,2.022860642290870703e-01
7.345844039835239814e-01,9.232798694523998151e-01
5.255886371375956267e-01,7.934893901076948142e-01
2.161492820453084496e-01,4.307941042929613329e-01
1.958905952696488872e-01,3.878150001513065437e-01
1.111250674315518994e-01,2.172501076231395656e-01
1.577978125220952932e-01,3.330973599487086489e-01
1.452971959662243961e-01,3.686510576191271427e-01
3.486034087612497889e-01,6.846121790081712843e-01
1.914060624965849555e-01,3.654322899888395315e-01
1.701164863257799698e-01,3.793117820623970737e-01
7.149801758003551111e-01,9.179512778812564111e-01
1.259714018899155408e-01,2.376104208204948554e-01
4.737010782403404674e-01,7.660675244680823504e-01
9.945895413333244450e-01,9.993024276519749671e-01
1.294724632598128755e-01,3.524139946311075633e-01
5.160997449173603258e-01,7.534761998122562199e-01
4.832806208702064010e-01,6.738436360008450698e-01
1.689363523721461036e-01,3.754838947520715009e-01
3.171437512431727335e-01,7.868390646449773262e-01
1.903347892017749898e-01,3.931150327457698657e-01
8.880413704744923031e-02,2.247977966516328252e-01
7.184007934873527512e-01,8.622210904209594018e-01
2.002019494991458259e-01,5.191389637767600540e-01
5.545212396577664515e-01,7.318080610482323722e-01
1.797250540131715701e-01,3.857931778741837126e-01
6.748755300934515533e-02,1.723171460622679729e-01
9.011566955720162753e-02,2.361247762956297513e-01
5.396272867335909496e-01,8.117571515965893436e-01
1.382713670204641088e-01,2.789653212809526939e-01
1.169119869399293382e-01,3.383430860843008592e-01
2.262707108487049534e-01,4.579962295501217029e-01
1.797577128182027417e-01,4.083490216063208611e-01
1.639442083360129476e-01,4.135553224101810588e-01
7.947288664998317098e-02,9.514005812441551913e-02
1.750495620788821149e-01,3.602259921522736330e-01
5.579062866225273920e-01,8.522324373978961143e-01
7.017320172079254126e-03,2.636537426025872821e-02
2.048327113637992691e-01,4.200839281247805146e-01
1.362387507570017864e-01,3.056269326924044294e-01
3.834879646622970650e-01,5.509131216458744706e-01
9.731658732623715835e-02,2.644150035567275348e-01
1.497559531355376061e-01,3.532545714942890713e-01
1.825761251759142889e-01,4.081921833224042562e-01
1.171475529951688105e-01,2.684731014506576141e-01
1.440985402080568745e-01,3.996927499324192112e-01
1.182320622644509739e-01,3.964048584555524557e-01
4.687182938191068460e-01,6.893078472790995503e-01
6.974914524380673164e-01,9.514420181611683569e-01
8.446779031105709767e-02,2.056666375311032857e-01
1.436575931970518472e-01,2.957408497102285705e-01
1.550721702917509937e-01,3.288561110261101761e-01
1.294132489719025114e-01,3.315855007385916098e-01
1.378753797720037311e-01,3.019839558965767279e-01
1.466246612822589834e-01,3.370760535451667317e-01
1.777356975971551012e-01,2.860701406141484271e-01
1.131457185550802658e-01,2.478242575558028127e-01
1.201607833121808022e-01,3.218451462004601193e-01
4.073602876314503241e-01,7.072776857177615062e-01
1.117950520191610397e-01,3.012885323065809251e-01
1.468908541638821452e-01,3.592088529855349543e-01
1.318656229138897296e-01,2.858185217693793301e-01
1.329866267979612771e-01,3.004574743459508812e-01
4.974436584944368772e-02,2.095106407556862893e-01
2.004353205748566624e-01,4.374344865606838439e-01
1.141741853625390934e-01,2.650226362600315300e-01
1.484245277162598575e-01,3.478575316515682414e-01
2.217274706642491655e-01,3.972190351467047575e-01
1.844381201130744219e-01,3.594388277369667262e-01
7.638529105999920521e-01,9.007726217128640966e-01
9.182483539663414962e-02,2.515690709505387090e-01
1.910562491189009005e-01,3.139226178371583575e-01
1.690519884725695879e-02,4.912707999357705801e-02
1.061008220921344641e-01,2.252928191851316098e-01
1.877843201749171131e-01,4.323457899616447442e-01
2.069912019948011994e-01,4.323603470473310617e-01
1.513224052836574240e-01,3.726635265542064812e-01
5.013077418638132304e-02,1.374195725960755954e-01
2.195243219869644907e-02,2.233708932093084742e-01
1.554031302802422465e-01,3.290534425676186481e-01
7.525951903612407845e-01,8.994102330934973244e-01
5.128444640639742147e-01,8.169569114323017578e-01
8.347831910913643128e-02,2.646734133818293699e-01
1.578561679852356625e-01,3.660489703040139542e-01
6.174757776640378282e-01,8.258193698567573016e-01
1.278940800148027981e-02,1.978882993947591318e-01
6.409042892352786458e-01,8.051130083867473752e-01
6.951565301991119439e-01,8.572383853759221184e-01
4.383262539717160816e-02,9.433457441572229429e-02
1.313340017368384849e-01,3.706002378850686840e-01
1.698532242679351156e-01,3.252979173504790267e-01
9.618804719794286917e-02,3.166169076470853327e-01
1.984551698296646016e-01,3.911845439267235269e-01
1.129811188451188969e-01,2.971102525454105692e-01
1.255304681594100746e-01,2.566449564702295016e-01
4.561596646430055024e-02,1.188380620686089184e-01
1.611367451427401787e-01,3.781268499344284661e-01
2.416868727055121457e-01,5.944922004839289231e-01
1.564443484356579928e-01,4.964200532021775802e-01
1.366579707053861004e-01,3.072041453580727777e-01
1.621283349202447266e-01,3.524636110684263302e-01
8.429181037474159366e-02,2.113144310089785649e-01
4.764571384157346712e-01,8.352304427811875209e-01
3.694177293024869524e-01,6.916573127356003825e-01
1.356345422925384347e-01,3.777287785685800592e-01
1.641203732240453517e-01,3.532766704646223554e-01
7.814910651017105414e-02,1.655923100613435617e-01
1.276693786781229467e-01,2.536172813716377483e-01
3.636016745484006024e-02,1.650201955906372420e-01
8.756059296322385443e-02,1.688878889076548262e-01
1.880463967320274987e-01,4.409135405417692888e-01
3.095903843991965609e-01,5.021919751716249491e-01
1.811746570407941903e-01,3.394912225233189806e-01
8.100003648054046601e-02,4.091121317227953691e-01
2.839564835921414843e-01,4.989180154464673556e-01
2.197358796005414727e-01,3.914416085494479836e-01
2.123428579292673257e-01,4.648129908393922038e-01
8.843430453799497881e-01,9.818415592928987357e-01
1.257280373627717163e-01,2.394519953025177894e-01
1.105801173877557220e-01,3.300278128833899483e-01
1.087631018855628739e-01,2.691847354239697565e-01
1.143129985475415250e-01,3.298137779879945497e-01
1.495210944077281223e-01,3.040952090802666041e-01
2.713469289552790653e-01,5.131607179182725575e-01
9.779553248414615818e-02,2.735321752701211362e-01
7.803259859183860891e-01,8.913589132200154808e-01
7.129417347665735483e-02,1.379676194962352331e-01
1.164802898373752393e-01,2.771886159847176678e-01
3.932553295850808039e-01,7.773022745762371288e-01
1.415419019115169985e-01,3.245197596678450203e-01
2.825376356544977985e-01,3.888842973072840770e-01
7.769324084984471912e-02,1.700795787049663443e-01
2.226640194309799647e-01,5.054550175939933609e-01
4.676880884905744162e-01,7.078391873893403741e-01
4.851703162243876655e-01,8.343385268456537940e-01
1.059686816915108021e-01,2.708264942755336802e-01
1.895496370061726388e-02,7.451870991180599424e-02
1.375860641175967181e-01,2.821866541231354275e-01
2.001131037255890754e-01,4.260255465509656947e-01
7.240692304688033099e-02,1.799427284197323840e-01
1.743825633687773602e-01,4.412296524372169571e-01
7.340274350656066094e-02,1.916886345393639113e-01
1.479839276606416398e-01,3.818170761388944290e-01
1.165405793184249306e-01,2.933375572834453493e-01
1.312992802489991173e-01,2.975859018208650841e-01
3.447870484003212055e-01,5.470656171170363846e-01
3.322791414753641787e-02,1.849944461563464981e-01
1.427079744584104082e-01,2.662943772845426382e-01
1.757986440646394921e-01,3.247206874471936788e-01
4.890432504280861070e-01,7.266602381314920533e-01
8.720659963349039479e-02,2.630277448882422653e-01
3.395445696579373340e-01,5.682779654895012689e-01
5.150731355932472999e-01,8.220996338675524706e-01
1.561752759492125164e-01,4.809777872532268184e-01
1.099171337437804818e-01,3.103930104608743079e-01
1.840687145740112773e-01,3.564190480600828992e-01
9.529977188113239461e-02,2.235403298589297705e-01
2.014440896261625036e-01,4.406295862038734912e-01
8.868997830260803850e-02,1.859202977332814755e-01
1.238154668568205163e-01,2.891379252232358921e-01
1.753179595882020103e-01,4.207887946830036752e-01
3.748437522453550441e-01,6.234453114540317031e-01
9.626003285460900394e-02,1.686260152177845029e-01
2.629688329374529898e-01,4.700988318935102050e-01
6.891250309172994859e-01,8.609814634257421107e-01
1.125158457476246460e-01,3.144070918555955663e-01
1.191007237600019142e-01,2.743622921504108025e-01
1.330235048506940299e-01,2.863346142575168840e-01
5.927928719512548517e-02,2.201546084070496456e-01
1.601167410706417493e-01,3.417482952413631314e-01
2.869496260467461757e-01,5.627500578276953824e-01
1.243512489616942218e-01,2.941721929478094411e-01
1.082012543539043747e-01,3.003004813277554974e-01
4.606170869250091754e-02,1.023778725245697852e-01
1.435597479228407358e-01,3.165349680409988431e-01
3.002632929383135599e-02,1.317384895126161581e-01
1.239816015665604204e-01,2.786456360410264343e-01
8.314746473859343512e-01,9.608195989472444465e-01
2.329749374311710919e-01,4.368503357969659717e-01
9.552794849355357443e-02,2.298688525389946669e-01
2.786994841543274370e-01,4.932748366991539513e-01
1.019581609593383370e-01,2.210750542846820488e-01
1.762253207858367199e-01,3.190472106220917370e-01
5.729002187801052193e-01,8.412478759698951425e-01
1.540471467647830661e-01,3.184625022397673533e-01
7.354441254873932410e-01,9.503389068447255505e-01
6.049992108045788575e-01,8.670937419864356288e-01
8.508935968526647187e-02,2.074404331656311273e-01
1.959050257751620561e-01,3.724314521164060476e-01
1.179141474901609227e-01,1.907855544480734911e-01
7.900104391429854656e-02,2.047167381868539859e-01
3.962145981857517207e-01,8.037166665066542981e-01
1.080811418190019968e-01,2.084195839369699377e-01
9.660611837050032957e-02,2.141863708807059397e-01
1.404088985137007251e-01,2.837759949782726054e-01
2.107871832713660298e-01,3.577991989878125390e-01
5.166959881834267687e-01,8.184166126692817844e-01
1.870869033277720306e-01,4.155823190955805213e-01
3.089904562845880998e-01,5.972144633207584485e-01
2.933159976966512317e-01,4.343640384882751504e-01
2.089567068790585957e-01,4.093862558094760185e-01
2.361631896991764623e-01,4.451723644564926641e-01
9.738654961942479205e-02,2.021540005724696831e-01
7.249074950525276340e-02,1.670368913431049540e-01
2.691513153151439131e-01,5.063595780669266633e-01
1.014277435949628853e-01,2.204672098005919234e-01
2.178465459150684402e-01,5.341434601409644767e-01
8.389499488936563243e-04,4.856365990683216526e-03
7.125521008060443917e-02,1.893376966572860032e-01
5.206490012610048151e-02,1.343326785762601339e-01
7.895746521775579563e-01,9.215519436377319629e-01
2.298014688280965445e-01,4.988511985230151269e-01
1.414126077434408324e-01,3.281830382350106601e-01
5.871820829834543259e-02,1.338204818379826189e-01
9.551059129564951067e-02,2.499942463819202487e-01
1.727944753052544358e-01,2.970125303676053319e-01
1.276331871805862495e-01,2.665046934229556852e-01
3.346919272500306075e-01,5.553058574842347772e-01
1.190350110366511227e-01,2.804542147975216948e-01
6.558384281940972393e-02,1.415961739396909280e-01
4.002591625313933754e-01,5.902128109391258093e-01
5.620537856032398194e-01,7.851608493505856101e-01
6.742227610284841355e-02,1.512128587805724178e-01
1.781769991343042092e-01,3.454069934595473956e-01
1.539885834135815701e-01,3.335244827921641786e-01
1.247679368634070501e-01,2.655042849762543899e-01
4.980622306403592603e-02,1.087911551093981993e-01
2.199963892548468802e-01,4.325538004246352597e-01
4.934602801708317110e-01,8.297348351148121637e-01
4.822129223796903924e-02,9.982143853791497490e-02
8.498866453013124989e-02,1.944062173178736919e-01
1.706006603207475825e-01,3.756721777068058321e-01
7.810328519054954288e-02,1.998353618593281256e-01
1.147636233154988028e-01,1.436112896939094330e-01
5.878888049781306746e-01,9.241102072611564466e-01
1.012410810570137237e-01,2.149998167135112048e-01
2.328160131120679543e-01,4.543841670059925453e-01
2.169272565536914943e-01,4.058874453688346984e-01
2.496895664275416427e-01,4.720950561514740684e-01
1.063660938196832190e-01,1.201840680527691690e-01
1.003121858154960300e-01,1.775571299797318869e-01
7.117295787264675544e-02,1.949802300765112739e-01
3.444682350283245764e-01,5.604317957250372073e-01
5.363182991967466728e-01,8.365677753040771103e-01
4.214633279399029181e-02,9.380852629122496400e-02
1.253135284899998814e-01,1.506353752958512482e-01
2.320272194604491856e-01,4.301476247287565058e-01
1.259134682332844479e-01,3.342972417171902189e-01
2.311464711451468867e-01,4.108599388873002689e-01
2.489965919057257268e-02,9.411756992450698300e-02
1.843121337792668346e-01,3.429626712636553720e-01
1.846421445113213544e-01,3.748206230014303197e-01
6.725392833940843085e-01,8.782412587993111419e-01
9.306832296238921887e-02,2.137995527846029697e-01
8.638119087228429693e-02,1.487609894568359126e-01
3.652852191584390201e-02,6.548830263197771839e-02
1.003495971811789733e-01,2.706650213777884173e-01
6.585963495148401681e-02,2.470578214529864092e-01
5.440670337427983005e-01,8.073948247386668609e-01
4.525862599949188186e-02,1.335009446473225392e-01
6.141463340115458358e-01,8.684053445339324773e-01
1.508132029579306310e-01,3.136806643015345730e-01
2.221808219349564739e-01,4.158513194047825379e-01
3.616817412905800611e-01,5.015544056684517749e-01
6.123265751541887708e-02,1.506758563672067897e-01
6.236502637917907405e-02,1.310101717557235201e-01
1.628134442065377607e-01,3.225857537948867426e-01
5.849231944864481669e-02,1.222000480811393092e-01
9.033075664293571672e-02,2.137929926530020008e-01
1.880149747992244380e-01,3.679497804428694674e-01
9.004123211411589889e-01,9.588286803737490205e-01
6.339479870219678903e-02,2.153751058715803746e-01
1.115437230993238382e-01,2.880102796782724184e-01
3.589424585696448372e-02,3.850040637441513036e-01
1.511619751929493272e-01,3.108409979698379400e-01
8.442563583572867958e-02,2.220518141525404110e-01
1.037083397472908924e-01,2.508577073701136473e-01
1.671401422131242875e-01,3.717566257391098916e-01
2.634386211774331632e-01,5.117425290794320736e-01
3.462805775125498142e-01,5.351323950474057289e-01
5.064367348773228805e-01,6.795955124010801818e-01
1.153722672901726781e-01,2.932954876243950570e-01
9.481855891991469720e-02,2.489393912553816424e-01
3.213508845102059364e-01,6.699765694376262903e-01
1.730115290149025487e-01,3.746350426539695744e-01
1.511724664844552590e-01,1.931430308388293882e-01
1.531682176776374971e-01,3.832706347847895656e-01
2.284351158929907588e-01,3.672906558715300362e-01
6.076756328740690050e-01,8.892018192539574706e-01
4.779945948386320198e-02,1.409837962906759501e-01
1.566729020130082917e-01,3.376206492326568331e-01
1.552942484238157839e-01,4.216119491277836584e-01
1.201956311817796719e-01,2.705917800343882185e-01
1.830571104167119378e-01,4.218732806492515031e-01
8.883544505040123773e-02,1.906490820955355492e-01
1.404074928844110670e-01,1.906433533666779256e-01
7.919720372669343533e-02,1.737223828185038288e-01
2.285376784683571666e-02,1.254731113051995584e-01
1.551589221824329901e-01,4.164473134418061329e-01
4.488158857926594081e-01,6.741700966648477289e-01
4.206523613846750442e-01,6.275582701957009846e-01
6.298088107428202742e-02,1.731597595904981191e-01
1.373827486633452111e-01,2.576414826624974230e-01
1.424547134504675627e-01,3.587418638617960176e-01
5.549541291149393540e-01,7.410500942145979986e-01
8.476956256103132525e-02,1.986201029039912913e-01
4.112027468247221595e-02,9.721701286126413488e-02
1.671294758425072857e-01,3.873008939731607536e-01
9.935662274396908633e-02,2.088687531177414458e-01
1.388309622991630576e-01,3.377053645742253418e-01
7.480567422356350360e-02,2.012342573696154213e-01
6.556212712385839358e-01,8.534390509754061771e-01
7.218275485103778921e-01,9.519153126903040496e-01
1.561883695566799735e-01,8.094558182885908115e-02
2.786514180407738128e-01,6.136419215780636316e-01
1.735011779362743145e-01,3.391946855769981117e-01
2.452006314826048472e-01,5.643149776487762503e-01
1.350462761864406891e-01,2.957738950455789384e-01
4.865959669981119451e-02,1.728971106777962286e-01
1.464137914938740404e-01,3.217879168102553700e-01
2.561142220311400930e-01,5.599591603928503192e-01
8.834267387807925864e-02,2.858417046407809026e-01
9.702440463419040317e-02,2.520193203567885898e-01
2.667866112867204320e-01,3.661135293756384579e-01
1.351322262783187789e-01,3.286341323028405537e-01
1.112753338512559864e-01,3.103731912130552328e-01
2.971256720651895833e-01,4.955029523275186754e-01
1.118355170542633809e-01,2.466613887047593434e-01
9.298164493533460362e-02,1.774821895128057270e-01
1.357878465279286628e-01,2.942303842771448741e-01
7.483769779011367751e-02,1.809328524081194600e-01
1.891832951173969546e-01,4.155491537938700297e-01
1.440809765203296955e-01,3.388596019199817677e-01
3.141973304011541068e-01,5.237068816795685811e-01
1.246210470453911617e-01,2.754622640016033408e-01
2.339560531778727137e-01,3.994009351893447746e-01
8.026986261803899236e-02,2.561982623346944488e-01
1.170178343278519689e-01,3.108540170530815772e-01
7.338183458333710774e-02,1.830114828958622208e-01
5.316081856437492315e-01,8.398663331360396445e-01
1.132920654129423027e-01,2.713507437883955209e-01
1.699857198358781241e-01,3.051768274775929490e-01
7.788335284762609723e-02,1.767476730765271675e-01
3.161403149399153456e-01,6.653390509180510115e-01
1.181230286936531260e-01,2.057143704679748608e-01
1.470583997072885674e-01,3.081823717508362925e-01
1.760230711370280865e-01,3.703134065506263894e-01
2.053765016524425613e-01,4.999671951820461868e-01
1.461801897601375244e-01,2.839224209218233486e-01
1.431353650362955365e-01,2.912915435541891807e-01
2.910133191268316488e-01,6.703102587243218169e-01
6.253312236488454134e-01,8.469436789447895020e-01
1.275613277278028479e-01,2.961156244975972629e-01
2.131706470154692001e-01,4.154123015579987421e-01
7.675561061804273000e-02,1.969007027853823533e-01
8.343122798956137398e-02,1.734435029667767691e-01
7.208178721544392653e-01,9.584770853828944448e-01
4.780661205189922214e-01,8.405988258544989655e-01
2.956408848579981097e-01,4.995441065030606365e-01
4.405133809748211504e-02,2.465232820747914610e-01
7.471680267086930893e-01,8.981992699319939488e-01
1.253851961704969264e-01,2.767912704923658485e-01
1.042755061851984300e-01,3.007487001799141746e-01
1.804294201356876626e-01,3.493602185036396857e-01
6.747204208308149598e-01,8.892226174723794063e-01
1.484541342050903212e-01,3.538528515794912011e-01
2.466737552407012243e-02,9.542271391821213755e-02
1.128127264239983107e-01,2.382076596630388621e-01
7.388819398871859789e-01,8.849263139274845535e-01
1.260824922113329971e-01,3.036069650297201217e-01
1.001937946488105635e-01,4.181835118199775936e-01
1.006633543279107229e-01,2.455044690626998205e-01
6.560571275834525817e-02,1.471294388457286550e-01
1.429614512581034724e-01,2.959927524942270183e-01
3.310416326890339156e-02,2.888479634096260407e-01
1.474631850502303998e-01,2.593238345176767101e-01
3.649212655993695487e-01,6.007781390478029726e-01
7.808844429767286544e-01,9.534650034118937745e-01
5.789442188523563626e-01,8.209960108199204631e-01
3.978872122230339009e-02,9.912393358703225354e-02
2.448482516155081334e-01,3.743099479497654092e-01
1.510480533913579337e-01,3.287711443056559601e-01
2.540343969209459263e-01,5.634899562705404374e-01
1.176371281280682440e-01,3.665851714170800246e-01
8.352414077764752642e-01,9.474357848011392136e-01
1.749195043509256253e-01,3.563616961758030999e-01
9.386615226603778339e-02,2.533169012441385259e-01
1.862241458606171338e-02,1.417679139656416176e-01
9.854305864631086875e-02,2.402301451129327803e-01
2.926649227707934786e-01,4.853681638424064970e-01
2.996018748165975576e-01,5.473908539009927354e-01
1.368603456344268110e-01,3.778031662432652649e-01
1.294659613566268019e-01,2.873242389120895246e-01
1.203521608328781689e-01,3.635457117092155133e-01
9.591517171315759593e-02,1.935977547608524751e-01
6.561917827794591096e-01,8.918327895621095402e-01
1.873539774712795758e-01,3.398101528931707915e-01
1.334908463732362160e-01,3.040906189760399503e-01
2.309979632306350672e-01,5.260090586390572254e-01
1.024868221490954634e-01,2.258725440606118018e-01
4.963739883032403100e-01,7.928484784154179454e-01
8.565437480482821497e-01,9.586509945409574796e-01
1.538729933667009608e-01,3.496277543863963722e-01
1.124338858009747144e-01,2.890903147755600755e-01
2.772841646701212359e-01,6.154368531925423769e-01
2.133357280743119755e-01,3.820483046810225214e-01
5.089138081265003055e-02,1.188879653846526135e-01
4.639732811342693608e-02,2.373081145304244965e-01
2.729787340790498090e-02,4.779205321226969588e-02
7.565540729780387830e-01,9.315491505594633015e-01
3.517687580193253338e-01,6.691334474344973193e-01
1.287339476388626169e-01,2.253290731415516501e-01
1.160077440955095823e-01,4.290753372822603828e-01
4.113606371404315148e-02,1.227709801164238584e-01
1.406599470624652348e-01,2.826448201018644246e-01
2.503982767110842778e-01,6.067745603690046785e-01
5.903772933646056487e-01,8.507083707173169751e-01
1.403821650624867967e-01,2.643786541684370328e-01
9.861208165486673449e-02,1.994390023402458911e-01
4.838825199069462374e-02,4.856076715202890803e-02
1.232905325409393155e-01,3.293571150450667062e-01
1.130558917219361692e-01,3.143915526076736522e-01
2.406804095251894038e-01,4.663816659059935033e-01
4.750716182369864315e-02,1.598160220817332333e-01
1.904738297218514231e-01,3.124688849225215614e-01
5.485683964719337280e-02,1.039114113859509886e-01
5.216570215123685073e-02,2.201151423451670197e-01
4.930579362224379869e-01,8.720933380473402385e-01
2.911849538371014123e-01,4.950663067880005652e-01
1.583303455552045602e-01,3.636274954074075194e-01
1.689060469986181090e-01,3.663169892003860784e-01
1.361332103417996486e-01,2.755865435705966981e-01
1.190725244913474340e-01,2.889552228031767034e-01
6.043162980299597864e-01,8.500626661217165481e-01
5.417483545112972143e-02,6.438901037526778559e-02
1.125831120208978936e-01,2.345309026314734424e-01
1.815272873822351973e-01,3.292127680624661323e-01
5.259776106228548909e-02,1.528481687532572408e-01
1.109802626752125349e-01,3.481275005940853151e-01
2.746957897813599447e-01,5.575562492937025105e-01
9.997563405144427318e-01,9.999501033665135763e-01
5.176839926410645165e-02,1.362030246506303333e-01
1.363344215720309338e-01,3.204767351872779280e-01
1.050530982355189907e-01,2.565920223707309766e-01
5.182542628971159582e-02,1.138525155541459943e-01
2.090573092951948375e-01,4.287816818554860965e-01
3.016999500317602556e-01,5.701621149575979430e-01
5.219303600222331418e-01,6.105507492613210241e-01
8.671412709760817350e-02,3.492781143685806389e-01
9.594441506257293806e-02,2.531356966503462980e-01
4.584704877432052017e-01,5.426415594238291895e-01
1.897724579393086641e-01,4.138353840231234759e-01
4.660257260835590221e-02,2.619254673864413463e-01
9.903706081610777479e-02,2.453630149890896339e-01
1.753031219185720857e-01,3.685584739109220020e-01
9.363997509672176145e-01,9.855369884202688224e-01
7.758323254829324611e-02,1.738464734092887709e-01
3.737305396146975989e-01,5.869215890174542816e-01
2.314301828909996472e-01,4.624827024482622839e-01
2.832614472269752159e-01,5.572925351302937536e-01
6.959754525266379499e-01,8.551043438463755697e-01
1.305249413779175083e-01,3.471135823101498263e-01
2.163085614763201603e-01,4.230701403775533609e-01
4.110946443029354080e-01,5.283342506991138832e-01
5.675179819308622253e-01,7.219478207237483014e-01
1.701723726072301157e-01,3.252459076700639495e-01
1.439096833519011853e-01,3.635716897999997088e-01
1.095916266582053350e-01,2.440269947611108381e-01
1.328797051001018859e-01,1.931113703858086950e-01
1.460690116693705853e-01,2.929128611707814689e-01
2.111753853176661921e-01,3.732825577332891109e-01
9.907649622312370008e-02,3.346900261074117200e-01
1.515509073156119935e-01,3.477812324849389181e-01
3.971433751348047991e-01,5.718232664258678932e-01
8.540027511146928152e-01,9.636525245249691896e-01
7.909983605926011740e-02,1.732986141937753188e-01
2.106701245707314207e-01,5.417790281031540367e-01
7.431970884729695304e-02,1.913044543276699594e-01
6.211429938149178875e-01,8.295125921967481109e-01
1.431561508669264293e-01,3.484716432977587597e-01
3.894368899602528855e-01,6.669272268770619627e-01
5.778091099209292647e-01,7.575867311226343048e-01
1.562827327992492299e-01,3.995866934886744826e-01
7.726378962306768017e-01,9.246430320725885776e-01
6.763151182682111684e-02,3.108622438509040312e-02
2.096857020064110122e-01,3.778798614531508337e-01
7.192652975130596760e-01,9.393032721156375775e-01
8.088211388475560204e-01,9.357100869140188015e-01
9.467495067182696289e-02,2.131277380385906972e-01
1.527806565068965117e-01,3.397407180056292164e-01
2.003629757762320773e-01,3.940245622820606197e-01
7.404855637025473114e-02,2.311597459487860218e-01
1.123704444789557916e-01,2.503581116315987121e-01
8.052369201423023037e-01,9.069624120621779806e-01
1.288352979665545739e-01,2.991311159948470411e-01
1.747022927472317022e-01,2.701539806401352384e-01
1.313293317634291191e-01,1.559103104085740321e-01
1.241330281571735583e-01,1.132707009161451062e-01
5.475210951141188526e-02,1.777035222312092211e-01
9.738664322009518703e-02,1.335955306366004014e-01
2.027903161950258826e-01,3.953598828945596999e-01
3.447602060939241597e-01,6.560765180332375213e-01
1.669735666660688289e-01,3.387895474299982279e-01
1.090004482989101464e-01,2.705361353228349919e-01
8.117187583748096402e-02,1.826197311237895415e-01
1.698894102009125828e-01,3.804005040290613926e-01
9.974415013572930366e-01,9.998185900165964535e-01
3.134103177582251987e-01,6.729722520025673838e-01
8.558347399709573255e-02,1.720634579061319502e-01
5.423699214701933613e-01,7.786136558423946141e-01
1.098486223023721897e-01,2.683114066625825744e-01
3.370245725644837598e-01,7.308407331803716822e-01
4.117715881316812987e-01,6.914990498706827804e-01
1.469117347365215820e-01,2.664305835882542217e-01
9.635196067496146211e-02,2.355852769267805513e-01
2.152738747447892342e-01,4.278554606653565129e-01
1.638239154585788282e-01,3.256649255935500364e-01
1.323365534790635623e-01,2.779159612376299049e-01
1.090948835233206404e-01,1.861585317281279628e-01
2.435055260965365148e-02,1.389895012494047066e-01
1.411246044083225015e-01,3.089207390589449043e-01
1.905789995522315372e-01,4.217141494947163616e-01
6.001799197852446602e-03,1.275114455085143983e-02
9.044645008878241521e-01,9.885023791894200773e-01
2.551312571679173469e-01,6.013791307095360805e-01
1.477745248134964828e-01,2.903968816648782592e-01
5.939562502612200784e-02,9.967520878453639543e-02
3.228032619329456177e-01,5.239084297937265378e-01
1.152304661538564173e-01,2.673289950828804384e-01
1.966026656719448151e-01,4.010590028984923339e-01
1.041402573374592272e-01,2.727514238827964399e-01
5.931187974156334475e-01,8.009018080950577323e-01
1.272345296624026456e-01,3.933089667376140630e-01
2.078864074392420824e-01,6.290231040307108223e-01
3.544478218141853820e-01,5.990989417931410488e-01
1.180879740607290902e-02,3.592132445371102462e-02
1.164014679479888903e-01,2.826089524852680723e-01
1.813908072669449811e-01,3.520018394773265502e-01
8.298723050812964463e-02,2.036433517096344903e-01
2.051178786302337576e-01,3.578849763607782619e-01
2.487976878555216154e-01,5.414598351339930948e-01
2.881762347018811954e-01,5.601977105999982331e-01
2.807571536297810352e-02,1.197499330238670640e-01
2.555849239527654415e-01,5.933322487572491033e-01
1.659223946061149368e-01,3.426715983799258347e-01
8.029044929630785310e-02,2.533122582357377195e-01
5.641993625492971315e-02,1.288404673720581206e-01
8.162657390922774259e-02,1.785442122015561406e-01
1.025510818172310767e-01,2.774274108985378962e-01
1.404227913849925014e-01,3.442215502837323027e-01
1.282645494240777229e-01,2.633183269470487642e-01
9.484934612430230214e-03,5.447819323762968791e-02
1.419867056213648671e-01,3.257797808135435291e-01
8.820554923393236768e-02,1.673852696286991515e-01
1.401166896346660584e-01,3.425448511236916516e-01
1.376948011618306551e-02,1.377483749585771688e-01
9.962817754124843328e-02,2.467651838978313084e-01
7.068814339416250314e-02,1.906672357755156699e-01
6.563481280501189952e-01,8.536155177493527368e-01
2.507393459100729638e-01,4.820237071275300100e-01
6.284539342919144567e-02,2.054928459009085773e-01
1.102607213457168917e-01,3.073588577345457429e-01
3.628277784614132861e-01,5.694145751460110150e-01
8.805948906345816007e-02,2.096974658239562639e-01
1.056907397159829454e-01,2.415811811639652640e-01
1.223255428471213269e-01,2.410413119292138806e-01
6.336414207614511351e-01,8.968627336810404138e-01
9.843721253360573908e-02,2.345832252581246113e-01
7.193267104988387839e-02,2.104169350483329759e-01
1.138949194442799850e-01,2.595429268255474153e-01
8.021526365756795340e-02,1.519216875536947009e-01
1.106678807744256310e-01,2.874341439923454034e-01
5.840311029762235151e-02,1.383480434090846867e-01
1.334713286656214193e-01,3.520843833444357029e-01
2.082897724671282647e-01,4.081786905541757160e-01
5.841186024089724260e-02,1.990131432064798644e-01
6.070975283228337294e-02,2.379790730638537133e-01
1.134117006671439137e-01,2.294652867689627451e-01
4.140193472405459540e-02,1.076597446043158351e-01
4.431358071402434762e-01,7.035129257729755281e-01
8.421116861551446175e-02,2.336086457592102816e-01
1.356382528149844835e-01,2.848018190016036733e-01
2.040719218556322490e-01,3.806481303772201730e-01
1.685387170992076467e-01,2.233507866356291283e-01
3.375473701974136542e-01,5.671596966702189269e-01
1.998349065279301784e-01,3.468464864942772952e-01
6.635673014496216993e-02,1.715503565678267728e-01
6.541541364300761108e-02,1.663435831069302595e-01
8.101113614822258446e-02,1.824381477715517064e-01
2.632231469042520811e-01,4.422379758353630064e-01
1.490881605548719790e-01,3.115284722934795747e-01
9.012406539919101123e-01,9.765713611792320448e-01
6.382486166077407097e-02,1.635623619819733809e-01
1.888480441719599945e-01,4.103223933121193934e-01
7.822192652633083720e-02,2.317421728047693863e-01
1.717231541248359084e-01,3.223120609824199900e-01
7.585936460940621850e-02,2.247132829072118476e-01
8.521756821762634937e-01,9.717373514449274552e-01
1.664086506108531371e-01,3.089544529034428111e-01
7.898901103938338331e-02,1.864219914315471960e-01
1.701930394755012677e-01,3.098076242801278690e-01
3.265151061836439328e-01,6.622090482752335250e-01
1.330608605607590533e-01,3.708251243739182912e-01
3.029791771044830773e-01,5.509774785346944759e-01
9.310517150128326813e-01,9.884569074384712550e-01
5.956180045068368845e-01,7.558161397644119761e-01
7.613784305517923290e-02,1.583832804323581644e-01
1.516647843207463431e-01,2.761006736547909624e-01
1.332293573687896304e-01,2.822954269419812312e-01
6.820206614240383047e-02,1.799793709519583451e-01
6.582752988661926263e-01,8.747282444972270810e-01
1.749974317323974571e-01,3.197033020589217234e-01
7.706807675916790834e-02,1.349840453756352976e-01
4.406654320629435628e-01,7.309282538902386328e-01
1.103004423905788040e-01,1.874153374074376266e-01
1.537439792989460929e-01,3.509390458097909615e-01
1.095216426665272941e-01,2.828213671242097993e-01
1.485875194470015481e-01,3.534055135844818007e-01
2.432745359617554393e-01,3.776321154415140380e-01
4.368751269013029792e-01,7.283877114417670606e-01
1.287396145878695608e-01,3.317611308339865617e-01
1.113141288390113448e-01,2.054267210652490350e-01
2.401725306861635101e-01,4.157182526008435519e-01
3.543528176185780088e-01,5.739935446196412494e-01
5.043832404186433804e-02,9.207263516860589303e-02
1.209271172497429492e-01,3.157402413874998981e-01
2.711047402619552460e-01,5.976029645891045572e-01
1.304025807740951393e-01,2.958623426298118142e-01
6.044271562132274012e-01,7.884273740009739573e-01
1.191186195397359454e-01,3.545748501149719734e-01
1.350789359971164283e-01,3.544805975480513904e-01
6.318306988270286362e-02,1.419853410921805004e-01
8.571651336056480830e-02,2.571546082027182933e-01
1.498744450666240624e-01,2.493671806993433548e-01
9.977797684423634905e-01,9.999411981254602289e-01
1.955449698973263650e-01,3.544804232650669018e-01
1.046187589915501398e-01,2.707727173057016268e-01
9.828852842186326655e-02,2.202340336637277907e-01
5.418041818960545736e-02,1.467692349854706757e-01
9.684529255345301901e-02,2.468412961168950093e-01
7.292135078326432429e-02,1.951197159420660077e-01
1.544189504663008861e-01,3.174196974069046773e-01
1.183839862800852849e-01,2.921515458449103209e-01
7.925209360545891479e-02,2.010363374612954279e-01
2.324321113215977730e-01,4.139653695155943169e-01
5.207576795072549336e-01,7.330643179276512544e-01
5.341196457129158276e-02,1.514985404955894177e-01
1.242148355011032657e-01,2.826455935539544662e-01
1.911465239164400198e-01,3.684732554829580620e-01
5.685507748002745915e-02,1.192931804307537785e-01
2.751941849200729706e-01,6.286504934735702710e-01
1.339048161438856355e-01,2.917679814241126435e-01
1.138402133530790339e-01,2.423520297857793826e-01
3.161051601470952210e-01,7.052006785307803893e-01
1.752109641841753940e-01,3.617300955041503618e-01
1.122084590262460296e-01,2.562766533203669206e-01
8.616330381919817816e-01,9.774655116943113953e-01
1.383135152381150257e-01,2.976104133002177576e-01
2.514321578104243837e-01,4.040879792412035432e-01
9.894516613991488629e-02,2.047867019648597076e-01
1.433247324898011821e-01,3.267052496938129269e-01
2.704155010581299479e-01,5.082682475304931558e-01
1.059648457652688155e-02,7.669544380427222030e-02
1.820370850494646697e-01,3.787944639273905789e-01
1.273742622155508153e-01,3.533320406213348308e-01
1.488548723721617173e-01,2.573948947492937234e-01
2.097125966238667094e-01,3.835541920042795372e-01
1.070885136792841391e-01,2.481376446284035420e-01
7.806914679787563260e-02,2.252459853791153599e-01
1.071899365866289117e-01,2.314186687886099214e-01
2.063241149828932697e-01,3.409835843005086797e-01
1.643121974292207632e-01,3.484000379171741102e-01
1.438989932797086757e-01,3.151318558918970725e-01
6.252906800856561365e-01,8.619773500730967264e-01
1.183566904333835934e-01,2.839834711910207976e-01
5.975413815876802204e-01,8.218878556478285136e-01
5.696248177258211864e-01,9.042091704955140807e-01
1.965043481388813462e-01,3.987852348378556067e-01
1.085406875429806989e-01,2.730162347022899172e-01
1.048296001686266354e-01,2.417540129174830799e-01
2.197029604681122739e-01,3.888190732470518940e-01
7.003062823952560523e-02,1.907419827373892374e-01
1.958378656836468334e-01,2.769547799756160722e-01
1.296976002806065897e-01,2.868002114841634587e-01
3.461024666308786246e-01,5.735918013041148011e-01
6.367574943299472712e-02,1.222711377192865490e-01
5.937944817338794978e-01,8.938658487996296031e-01
1.703705990060232212e-02,2.229770866570332799e-01
1.541522429059049570e-01,3.087242578411759086e-01
1.303702625053381470e-01,2.550586818866256711e-01
8.803656173650330208e-02,2.757045823295938836e-01
2.962023687448893106e-01,6.812914661681405137e-01
4.988185131101329217e-01,6.388018845412033464e-01
7.905671402144029969e-01,9.615888428410173105e-01
1.689268876063871050e-01,3.916669530465495264e-01
3.800659612645187480e-01,7.694056128850965681e-01
6.131491490043258774e-02,1.115000801059864988e-01
1.489445628484537265e-01,2.663745590462543444e-01
2.537197697924111206e-01,4.206378437893625866e-01
1.132612270251221465e-01,2.705880328836482995e-01
1.782435205703649939e-01,3.553680216616256771e-01
4.409883341739060381e-01,6.742078249947706103e-01
2.718429226510917784e-01,6.327068605757815156e-01
1.822200876771487843e-01,3.740776535128861324e-01
5.711469790306061833e-01,8.362074827924570464e-01
7.585960672873691413e-02,1.358581302951358538e-01
6.877870988096195237e-01,8.882370912321795320e-01
2.160504534001745636e-01,4.004577855273454001e-01
3.348743121104677534e-01,6.482439907080325137e-01
1.982140482992431063e-02,3.398548581734643359e-01
1.010659086488854969e-01,2.313675768844242475e-01
1.056811629269313740e-01,2.793252228593844921e-01
2.303542582024448726e-01,6.218334329406239869e-01
1.886237620135028936e-01,3.964800445324206390e-01
6.682595234029116149e-01,8.870962465138390041e-01
1.445633675997185508e-01,3.763587965604778818e-01
1.762586338928751606e-01,4.798498553393282795e-01
4.689507117303251538e-01,5.864696659980764837e-01
7.683399642971551480e-02,2.438116846629371504e-01
5.783865438918792123e-02,1.513676629343636004e-01
3.507790560488671106e-01,7.038282907733554028e-01
2.215067037014104567e-01,4.588735594805269380e-01
6.137345205464690007e-02,1.684330418730779211e-01
1.623026058210342570e-01,3.346651414243533851e-01
1.650233258835410999e-02,6.438715179190529492e-02
9.351716909479422524e-02,2.666295113226071489e-01
1.248443383365550746e-01,3.067219548029454512e-01
8.319996269076167239e-02,2.924792360925571044e-01
2.166237555683624416e-01,4.030337223417153059e-01
2.464139293236257411e-01,4.867409182506419185e-01
1.309208438860075541e-01,3.139764477668917642e-01
1.993259698766459698e-01,4.508429887295369864e-01
1.075543519192339037e-01,6.818234332505812567e-02
1.037105893562279280e-01,2.951564023365298994e-01
6.322819981968881287e-01,8.405663955900329887e-01
1.278920216525900599e-01,2.823764633893600107e-01
8.368859643504025780e-02,1.753682169763454979e-01
4.206017934257167551e-02,1.344638631850821608e-01
1.013527666645460262e-01,2.897085587289624509e-01
1.520489218028271139e-01,3.141540519190242908e-01
7.815678215441189403e-02,1.671500995228223374e-01
5.726305281840063377e-02,1.876176395114475537e-01
2.224721569153510770e-01,4.109148114409102992e-01
2.471218848623187303e-01,4.558805708483822383e-01
1.581106372883399058e-01,3.423454156314743591e-01
1.066142319076830575e-01,2.883166739759814301e-01
2.779192958402291677e-02,7.026771782627000418e-02
1.211877935028014969e-01,2.675714430467485139e-01
5.072047480059637126e-01,7.880061455316663688e-01
1.349358931826931673e-01,3.421393827663621878e-01
4.030783798352963881e-02,1.051275359300890277e-01
2.347147474145558910e-01,2.879148145432648964e-01
5.449040204325973358e-01,7.825126318943170789e-01
2.079711142393483037e-01,4.094962012554633768e-01
1.565122668662701777e-01,2.948901911597706094e-01
1.414459126657812982e-01,4.079730938720687594e-01
6.426768583812711433e-02,6.568350153760876831e-02
1.417981241465422482e-01,2.488446662879292837e-01
6.242380877043007120e-02,1.773601764398202996e-01
2.306293962031812916e-01,5.446989976691918312e-01
7.176330642627547218e-02,1.808488175335611348e-01
1.269698644682463184e-01,4.409722408397914184e-01
9.500429347301690697e-02,2.551528650252241626e-01
3.797121407072756583e-01,6.631793799826837255e-01
2.013743115405141892e-01,4.267155582611004694e-01
2.644363353264452821e-01,5.166433114306038243e-01
7.658400698573263055e-02,1.851555166036122357e-01
2.792102450298044602e-01,4.153689111897358455e-01
4.765812544397109440e-01,7.139263382851507300e-01
9.703231346372527544e-02,2.505260404337573132e-01
1.279184898919712432e-01,3.495353956873274992e-01
1.803330505217635438e-01,3.912313606660850485e-01
6.990831132330686815e-02,2.389536450999145967e-01
7.203882415214978296e-01,8.981397936686484895e-01
6.545739543484280221e-02,2.109296879864886176e-01
1.760379331629894351e-01,3.013834376540215354e-01
1.657842556179632276e-01,3.241699534312962871e-01
4.774880713855494951e-01,7.560327340741852531e-01
6.470900576990223918e-01,8.346580528249715192e-01
1.079480803883602763e-01,1.962040806887021538e-01
7.185375602358392566e-01,8.945173765600960003e-01
2.556514547520130076e-01,5.130665687936165620e-01
6.881786588590049769e-02,2.288679977202891236e-01
6.958428113445562779e-01,8.977787873126684692e-01
3.087004578409540539e-02,9.429956156185129168e-02
1.525651760948418256e-01,3.109442175711898404e-01
1.671189371244114763e-01,3.371217660014643736e-01
1.157038608585490153e-01,2.085067593177990231e-01
2.622809065017867036e-01,6.081833711989033109e-01
4.940499651974037537e-02,1.455768712388670894e-01
2.324195914057837486e-01,4.366281699520351833e-01
1.856002836762154704e-02,7.584188861918987612e-02
1.755088865243189522e-01,3.322583382754046299e-01
1.009978979460737364e-01,2.008163629492257518e-01
1.745696126922648417e-01,3.225113285665170415e-01
7.259487657985569387e-02,2.169889360767044417e-01
9.262953174030186254e-02,1.960728566408282691e-01
1.432685365712735859e-01,3.678023065976182004e-01
1.324510526111206954e-01,3.182720280534449553e-01
1.014130562555381337e-01,2.272793369670201569e-01
1.432792524842763648e-01,3.767441730449653803e-01
2.457276932712695039e-01,5.109971442090102123e-01
5.388912795090721602e-02,1.260680527618784352e-01
4.510247850972833039e-02,9.380119830852165497e-02
1.546257390576539770e-01,3.075373216523942799e-01
1.418372431341254347e-01,2.936827030604806654e-01
3.239546037466197737e-01,4.934902752149439298e-01
1.244775588486490003e-01,2.950153332312367427e-01
1.631013929224098546e-01,3.340597446198786957e-01
3.293807762762875901e-01,4.744241309638516646e-01
4.023637427050186927e-02,7.607232753635213840e-02
3.571233096129373119e-01,5.245586310617771364e-01
2.790723378528765508e-01,6.048211478199737590e-01
2.128251613407622367e-01,4.323984545863709394e-01
1.669910747220729463e-01,3.307496465665533125e-01
8.008202552720437850e-02,2.021093528038070963e-01
5.294563757320792929e-02,1.443812887291263392e-01
3.510415886713209588e-01,6.233970078099899670e-01
1.277071739945697948e-01,3.076021144622312353e-01
6.368104037773994475e-02,1.983526408709722910e-01
1.016661480590972666e-01,2.241614104611420744e-01
7.720816365546123716e-02,1.796332148952643204e-01
2.274098582410079561e-01,4.148049236436228138e-01
1.834096114983624903e-01,3.018072637083173415e-01
1.782067911418658557e-01,3.397127410185503127e-01
1.324644669321528856e-01,3.406905335888408271e-01
7.842170625365334213e-02,1.673944883032024988e-01
1.411652632029470056e-01,3.271232901704264062e-01
1.434722629149229878e-01,3.664981152250201268e-01
3.386507381746835521e-01,5.436263314900652288e-01
1.295262446587220895e-01,3.484466651996154241e-01
1.173372143039280030e-01,1.736029021828701391e-01
4.792567501293856780e-02,1.439796966231320641e-01
1.553539177443668817e-01,3.270264393766392219e-01
9.942838824938524667e-01,9.997750207852481585e-01
7.329865427268033029e-01,8.933822485797729973e-01
5.327408302435595461e-02,9.691119248052942892e-02
1.615478183867779249e-01,2.636411320046077034e-01
1.147707292413831515e-01,2.164870605858617847e-01
3.240971507055342427e-01,5.787372139142372696e-01
1.447407541844956957e-01,3.560439703790508337e-01
1.361830171371881393e-01,3.269295934748365773e-01
5.037484309028228413e-02,1.182799423272354739e-01
6.227974835708631474e-02,1.528069478004890347e-01
9.919641698125165885e-02,2.796324308183139040e-01
1.274230023844004078e-01,3.360652963454779374e-01
1.840890542739111457e-01,3.289881570091505170e-01
6.187897873791143866e-01,7.896106768151905930e-01
7.945258258253716788e-01,8.925588953444910656e-01
9.875535292372809859e-02,3.015232246810226613e-01
1.411280806221638373e-01,3.585625956250099167e-01
9.876884392923079847e-02,2.194840288906033110e-01
4.030644132278478620e-01,5.674940765680185351e-01
1.212972569570070769e-01,3.177431933837985278e-01
3.224399237559935627e-01,6.682194349216663554e-01
1.156932487537176424e-01,2.771181848230790945e-01
1.334601584614913128e-01,2.910690964847024165e-01
8.218007378909122917e-02,2.508775522905503652e-01
9.234651223878027892e-02,2.120457609158913626e-01
1.734835758935726960e-02,1.904323731666890396e-02
2.540271069347012078e-01,5.380961893113431760e-01
1.808124186454731774e-01,3.316598309492785890e-01
1.058582080265590281e-01,2.901282043098690755e-01
1.199548357658859754e-01,2.949284137456323340e-01
4.676798880318495943e-02,2.277950269472725497e-01
7.572837370892280262e-01,9.049086893413125221e-01
7.662224809642220746e-02,1.712923630922935370e-01
1.122215456762892527e-01,2.660508573490633633e-01
2.416251414919347307e-02,1.388221197500298376e-01
1.420440669863230754e-01,2.738027293828375619e-01
2.939963797496637499e-01,6.235861963954869580e-01
5.839931019174380428e-02,1.291586169824294472e-01
6.683179722851595450e-02,1.085396336927637317e-01
5.046635605334854474e-02,1.256962363858362963e-01
3.843718808473803872e-01,4.679163809257413931e-01
2.694306262397413998e-02,2.356796762551647273e-01
8.037789193521022169e-02,2.177955975598112326e-01
7.074251750989536403e-01,8.981279205110844766e-01
1.516101955081201047e-01,3.159227476114843669e-01
5.294451860633516693e-01,8.280328477028983114e-01
1.270873134125747039e-01,2.705064070926515019e-01
2.378726838482035644e-01,4.164462125516061319e-01
1.622204831165355576e-01,3.349481967074935951e-01
2.961302508650928700e-01,6.241514470026515715e-01
2.471377196268033927e-01,4.174784819745994691e-01
4.148783901082814252e-01,7.240317951034026533e-01
5.367791060833372596e-02,2.190730436593190389e-01
2.251945451809971854e-01,3.684706844727838604e-01
1.453646080479698843e-01,3.559964761048665660e-01
1.051753247828070281e-01,2.483054795363133505e-01
1.179675681537853127e-01,2.290330859636808547e-01
4.367356652725478683e-01,7.634826177472819886e-01
2.403055237888991058e-01,4.152509132174562190e-01
7.202883652712635532e-02,1.619954794264716891e-01
1.557112064900790238e-01,3.244660884342527307e-01
1.553220614914663789e-01,3.931892915341033135e-01
2.340386726993380351e-01,5.238670748316441861e-01
7.050372050431819027e-01,9.491782681770158936e-01
9.686961016263945928e-03,4.244376055741026776e-02
3.690209205690614391e-01,5.911124080225843569e-01
5.440829295668708071e-02,1.651763441491932161e-01
9.477195476404273042e-12,5.800566684160048439e-08
1.297531945764199002e-01,3.510786340693430319e-01
2.882899476853406084e-01,7.244950999316154272e-01
8.348136050263738062e-02,3.432599591569123754e-01
1.900907828672745159e-01,3.997861628451089278e-01
4.558402051557111645e-01,7.909232428148943450e-01
1.283450380088239084e-01,2.573471268537008694e-01
7.738440953539326150e-01,9.226975034876585546e-01
5.318010241385074943e-01,7.918300427423967669e-01
6.025823475237965243e-02,1.716352210108699483e-01
1.194226249836903148e-01,2.664283052182607192e-01
7.823443062368018452e-01,8.890441949597335247e-01
2.405906245365014851e-01,4.708409977573321803e-01
9.211204696177750784e-02,2.228741158017014112e-01
6.632560291943663255e-01,8.951912513870150523e-01
4.600187236667558910e-01,8.259986502038630940e-01
4.373142058921146436e-02,3.501468178901753769e-01
1.563787025473614423e-01,3.032980311944781238e-01
1.338545601734288659e-01,3.573401750061317994e-01
4.066127512499784213e-02,1.541805976862714311e-01
1.370921281695800797e-01,2.391548782504188397e-01
4.710875531115151227e-01,7.602436877263305526e-01
1.020333880552869027e-01,2.645744648630132811e-01
7.805047614218654783e-02,1.837133553962139731e-01
4.891408377087463344e-01,8.775877062612216228e-01
1.205658480310280029e-01,2.972833647202960949e-01
1.257492017039088250e-01,2.068109977982025560e-01
1.004597365414549442e-01,2.884971183971106190e-01
1.630107880224848926e-01,3.286368450274666508e-01
2.146175882750809005e-01,4.847379646122120800e-01
1.804550371703800560e-01,3.312194603787780856e-01
7.806450043484224333e-01,9.103306399212117705e-01
8.756415387197621913e-02,2.265271477464690930e-01
1.595022380790902250e-01,3.320704018681964187e-01
1.590822195893343005e-01,3.507553715476200429e-01
9.823909182551038288e-01,9.969894243272978684e-01
1.199781445543255387e-01,2.710110082498456419e-01
1.576271732730582242e-01,3.027632971580776489e-01
9.254442468728764359e-02,2.264173824245289679e-01
1.856064315152161290e-02,1.897445236166725446e-01
3.165223514449495568e-01,6.961189397761881059e-01
1.240828844372929632e-02,9.744213883532223952e-02
1.252119316283449857e-01,2.501710973354411838e-01
4.908085659187503835e-01,6.995916276823763713e-01
1.496824654093791840e-01,3.454425371608269013e-01
7.518256874699954517e-01,9.131701724810395993e-01
2.049084547367773790e-01,4.276818194732757150e-01
6.817014397486650390e-01,8.780195605179618168e-01
2.169271051315553034e-01,5.083369634638809087e-01
1.473148941809781232e-01,2.777549883091890437e-01
6.129437059523705766e-01,8.471143577887543241e-01
1.415407554078912111e-01,2.010205724160212537e-01
2.357419320401503982e-01,4.936266246566536342e-01
7.777680408263007439e-02,2.256200721284878086e-01
4.579355950597178704e-01,6.338679893433599721e-01
1.070363143651259091e-01,2.598867736006237883e-01
6.616161061086605066e-01,8.125810155936828982e-01
4.924470821981480895e-01,7.511495955625971943e-01
3.059653542156260952e-01,4.978554200869002022e-01
7.992632274677361481e-01,9.417949750344494220e-01
4.494290008549141069e-01,6.528478024458747031e-01
1.525418613842958737e-01,3.104517350378319662e-01
4.365213360697288159e-01,7.518448356740513594e-01
9.818423103850813793e-02,2.501138996706065432e-01
1.615477540649818688e-01,3.684104204375781566e-01
1.776060733756960885e-01,3.809512004475513192e-01
3.257910538619631646e-01,3.154091150053130455e-01
1.395638953414229111e-01,3.217820143938918687e-01
1.933857731409445724e-01,3.401602853041134078e-01
1.249053344351026551e-01,2.410652435231639967e-01
1.217593373288561043e-01,2.916386896061722855e-01
5.555717954240922962e-01,7.427556227426277413e-01
1.956878625493188306e-01,3.788683301502316358e-01
1.497892792616210278e-01,2.608964316079573909e-01
1.217688461654155840e-01,3.388226700223599952e-01
1.848727875500601470e-01,3.393156167044774074e-01
1.426030752002341029e-01,3.162974772143329338e-01
1.455430009005452829e-01,3.260026615269127070e-01
1.238292891039632082e-01,2.335836875334186824e-01
7.738333508449675435e-02,2.089285629227798369e-01
1.549798082517887809e-01,2.735340342339232511e-01
1.798570958389721086e-01,3.938747744610604506e-01
8.627032812484748681e-02,2.576726754029182720e-01
8.311217250482617891e-02,2.008985795478224201e-01
3.016936693874218076e-02,1.257334498308464998e-01
7.955491034994929822e-02,2.002273998494897012e-01
2.342262317257128024e-02,1.680526728267134062e-01
6.057340948237305289e-02,1.296491628567069676e-01
9.351329734746069433e-02,2.450368995981291598e-01
2.796473338501830885e-01,6.155814406051275389e-01
1.119997848308689065e-01,2.419776658665826474e-01
1.773964304084726940e-01,4.214474580617455501e-01
1.829168383911655427e-01,3.336899024742422948e-01
3.474349194397246543e-01,6.360462796660784068e-01
3.775286504614214778e-01,7.012338214156913496e-01
4.494189783698881446e-01,6.980108994831292213e-01
2.012778088827689438e-01,3.589622212077919206e-01
6.824039268799103608e-02,3.285458458079230093e-01
1.531526742466344515e-01,3.653605505011822130e-01
9.749217066495735606e-02,3.362096010055839468e-01
1.488579522275228773e-01,3.437733750319820203e-01
4.776445724500189699e-02,1.228870324559605959e-01
1.128806910047536333e-01,2.489315620821723474e-01
4.583829134365139529e-02,1.658095118834103099e-01
7.191765954989074450e-01,8.961058997719871799e-01
8.742623789453105032e-02,2.497849421521819158e-01
7.165293290911660395e-02,1.732582787817898429e-01
6.918132489832160004e-02,1.494872259613749532e-01
3.696881658037610152e-01,5.914938952058262922e-01
4.072037182904715280e-01,6.129624820516794692e-01
2.135868616290365618e-01,3.575130007465744941e-01
1.919380647049691857e-01,3.523674266817910516e-01
3.610470160056862277e-01,6.968020779480517124e-01
8.257558149309726647e-02,2.635680479176663038e-01
8.324544384902705929e-02,2.013669733752708468e-01
8.217940084335639828e-02,1.635050001952711718e-01
1.234538998017093159e-01,3.367049420248606761e-01
8.362335334448858792e-02,1.841083740726085494e-01
8.568542279090332614e-02,2.822927594784693794e-01
3.352218736948698874e-01,5.656789300222614392e-01
1.503443539706387777e-01,3.160921694194132603e-01
3.125200429225057364e-01,5.502636415844796014e-01
1.825311836207587912e-01,4.036706444921867587e-01
1.255066196222365538e-01,2.472051337966205964e-01
3.947904488583219296e-01,6.881398906083017186e-01
5.302421474540405799e-02,1.953358971736153527e-01
1.938403094217473754e-01,4.504681159704824744e-01
1.083610283479728986e-01,2.339801201899550098e-01
7.250515131729964868e-02,1.359195956235370872e-01
1.093214187327727072e-01,3.210423665895427714e-01
2.791560294900501393e-01,4.625272212085912438e-01
4.659219587216594238e-01,7.569683176127182112e-01
1.506515995022481846e-01,3.478648553713820646e-01
1.322259888452712584e-01,3.441599489599685424e-01
1.109859312854417496e-01,3.003412315727352344e-01
1.323281318216894820e-01,2.476373916240351969e-01
5.831236321596512395e-01,8.319765947105637327e-01
1.081474944528775933e-01,2.700894656111266223e-01
2.297705994979538924e-01,4.418342486093846389e-01
1.064622424203325590e-01,2.721191749006284799e-01
2.769040996483029260e-01,4.344827596145066084e-01
2.675795429331881414e-01,4.626561491065986909e-01
8.350242870111393989e-01,9.733467107255399098e-01
2.853706882249943400e-01,6.022293952816341056e-01
1.370491752849184175e-01,4.140410859491375217e-01
2.606243140077455986e-02,1.095974525822281977e-02
6.654480060606561276e-01,8.856138444712994273e-01
2.661860793272751713e-01,5.721532470858148312e-01
3.308653030607654200e-02,9.260107675806626693e-02
2.738556217184229258e-01,8.519626937113111698e-01
3.364788524010732529e-02,8.493989046267953757e-02
2.121035110363506671e-01,5.362829079921737074e-01
7.239893798321322960e-01,9.118361494389650712e-01
1.209996651882791346e-01,2.399577567583921489e-01
1.023678295895595058e-01,2.523394835289667348e-01
1.472193194399425142e-01,3.417518363986865038e-01
4.292217346587227922e-02,1.415784575976420934e-01
8.734699211159017984e-02,1.327388263923981182e-01
1.091362298815604648e-01,2.457799203636020224e-01
4.219596604128766915e-01,7.101336217286944308e-01
5.103113339731040199e-01,7.209634661902142305e-01
8.078364752381880787e-02,2.034037099701594686e-01
1.025707503758241657e-01,2.163500437839037116e-01
7.220253948846810932e-02,1.664819343216213388e-01
2.479920726822703314e-01,4.364236403986781476e-01
7.221297663801203026e-02,1.648846297736692723e-01
7.962207867058858357e-02,2.373598695821756144e-01
2.014189845613349183e-01,3.729480016691202326e-01
1.092664019702675043e-02,5.477315863754018965e-02
3.285547856556398361e-01,6.642572742872496772e-01
1.824178915863301498e-01,3.802660026026994933e-01
2.749675093329301823e-01,4.712679622133661983e-01
1.026853075690555145e-01,3.122832203017577024e-01
5.701269934940845358e-02,1.372923082966796271e-01
1.681373332762466366e-01,3.249236720930358535e-01
1.064361180730457879e-01,2.675190907107050653e-01
1.484677566890264255e-01,3.154432069950904305e-01
1.071636788600724421e-01,2.071408839563009530e-01
8.034962576539572687e-02,2.012793272884159657e-01
6.530182215699319170e-02,3.300183984922179237e-01
1.795810442116448080e-01,3.404875489133806221e-01
6.914061116252790962e-01,9.506856849486556849e-01
9.021419274573545533e-01,9.856129117091830816e-01
2.001645722515490999e-01,3.538885173110744020e-01
2.148602147809264007e-01,5.228137898506971526e-01
1.078119109648294632e-01,3.012856112541631992e-01
5.113516484166741316e-01,7.521775984305726359e-01
1.398657975332869008e-01,3.455936144527374521e-01
1.026984228670893839e-01,2.845533985709754465e-01
1.361432528073342751e-01,4.034620183521406278e-01
1.642797935100925519e-02,1.187854411934220061e-01
8.151792240675119483e-02,2.824662435920525239e-01
1.446180582976743303e-02,5.880788361790313667e-02
8.061046611316811938e-02,1.700415840681972213e-01
7.671448374914549562e-02,1.126800720814390561e-01
1.742113489107622037e-01,1.955748820917765918e-01
1.703427850714859526e-01,4.392176483860892322e-01
3.177207116186340219e-01,4.370917497286931352e-01
1.320607942557474601e-01,2.917974540787365290e-01
5.045469711369783283e-01,7.702516492549115190e-01
1.177123319379620309e-01,2.552239318520359568e-01
1.846087006681823572e-01,3.927440775697012554e-01
1.175009596725739985e-01,2.728631687510061354e-01
2.225659630437248210e-02,1.971700727800749370e-02
1.451172364505710355e-01,2.778471172491190910e-01
1.846269238067595464e-01,4.192575379987863449e-01
5.936558792218887826e-01,8.348710237311079974e-01
1.447768304766988146e-01,2.881688213505607110e-01
9.924478005060055619e-02,2.493334225749649358e-01
1.282386702508682141e-01,2.489430244384003288e-01
1.016841890118320713e-01,2.220203026095269594e-01
6.261875232394090718e-01,8.393142034178644462e-01
1.140564785603542242e-01,2.329611745361921948e-01
1.907508256367223820e-01,3.632536258521069650e-01
4.837008795573206621e-01,7.726218438932133115e-01
1.922476307217854674e-01,3.969081246873877866e-01
1.180392046707837705e-01,2.359217147857207986e-01
4.785662383511523066e-01,6.369408485971675971e-01
1.728913374695861538e-01,3.628497034294594914e-01
1.372677664321016733e-01,1.830367706367224956e-01
1.188342985409379382e-01,2.352154235812554395e-01
1.525403520584534267e-01,3.244971367220971237e-01
1.062821118849329172e-01,2.693814215849207883e-01
1.714391830698576979e-01,4.367171641732579546e-01
3.629596893296064830e-01,6.409248942044405428e-01
1.323055940696103716e-01,3.278877581486988046e-01
1.651728063459420026e-01,3.144119350127769219e-01
1.315587006473464826e-01,2.818423722485649541e-01
8.112933467670656595e-01,9.198586036397250476e-01
1.361039998318417932e-01,3.292901189402087092e-01
4.040358957279475971e-02,1.492672844447160418e-01
1.199404701304858517e-01,2.319673949961354731e-01
2.741172455084561754e-01,5.453325229932933782e-01
8.777631945074287900e-02,1.756796474459570712e-01
7.895377799666902785e-02,1.914500287277378365e-01
2.824971637122835610e-01,6.145670129057516640e-01
9.040525616272110376e-02,1.744184894026709343e-01
1.218677073805632394e-01,2.857947625003173786e-01
1.640903863969190579e-01,3.730015118538734797e-01
4.662469277123399564e-02,1.456871382461439601e-01
3.935885551009992711e-01,7.131959343926308481e-01
1.128874705393896893e-01,2.187443755063880335e-01
1.470181707980996177e-01,3.310570973088812763e-01
2.339255360894026692e-01,4.289121384945025484e-01
1.105435698109465993e-02,7.319081452199141524e-02
9.347301708925266628e-02,1.389673116369365691e-01
5.027793610469479813e-01,7.799142552287149366e-01
1.279472513322059690e-01,2.603532667226194364e-01
1.231732899469262232e-01,2.952198072897632142e-01
4.055936233507669297e-01,7.393569208114465496e-01
3.708572983496898900e-01,6.970818512200136485e-01
3.127949347784661493e-01,5.698071981819727849e-01
9.433898746845151284e-02,2.457420995688325283e-01
1.546904775492732864e-01,4.368033277992218189e-01
1.222292814263205019e-01,2.610358887822286089e-01
1.436537765808903466e-01,3.359090011844327872e-01
2.723606946778598381e-01,5.589085511052673816e-01
1.113538718118686766e-01,2.934698350145171220e-01
1.358263211911945045e-01,3.181800398915042294e-01
9.330044030259145027e-02,2.159569269241706224e-01
1.384136928871478600e-01,3.521053771843108970e-01
1.811301120178492874e-01,4.153111130243133386e-01
1.369405922391939423e-01,2.874315668449407557e-01
1.106693689003666603e-01,2.323292198923234131e-01
6.998543312916228887e-01,9.189321310673712606e-01
1.719415000234698065e-01,4.015080612430568241e-01
2.892397041155156390e-01,4.213197818420383323e-01
1.332037868886534748e-01,3.215588817139041211e-01
1.481117210472840950e-01,3.824940445810192102e-01
1.129100055605468805e-01,3.287361286573668995e-01
3.688357043314109407e-01,4.860966797808665696e-01
3.158773231974782991e-01,4.994390412929169965e-01
7.124550620741851858e-01,9.160797676991566663e-01
1.495812043932856494e-01,2.815068015491722919e-01
2.036516354566764164e-01,4.654497348612016694e-01
3.930864315777031492e-02,3.539856289941931689e-01
2.153931854522398714e-01,4.098052270423386823e-01
1.463980270306248777e-01,4.253486416899502909e-01
2.337041017745008498e-01,3.734960936950866839e-01
1.779465699505502763e-01,4.320353305591436710e-01
2.680617945796003321e-01,6.368837846799464408e-01
1.211356606773000555e-01,2.303808254657234988e-01
1.835907857796220954e-01,4.144806609600989455e-01
1.124199242869788479e-01,2.165710476363157944e-01
6.703289779736029130e-01,8.384026336009621216e-01
5.901433374509319069e-02,2.473117471230875941e-01
1.929726797232901858e-01,3.834279201802948678e-01
1.032749099056842340e-01,2.656425438987888299e-01
3.641050370945659448e-02,1.081242312995324417e-01
1.435651425199119258e-01,4.008538634908582199e-01
1.942442857583048244e-01,5.343885029475194948e-01
4.130061053719502606e-02,1.042081152632765156e-01
1.674866434092862622e-01,3.821317531933738354e-01
2.583853534762913240e-01,4.122196862742918966e-01
1.031364686134382258e-01,2.124529424744400208e-01
6.091187207302217743e-01,7.306370783297924110e-01
8.238187697971616208e-01,9.310646511465378028e-01
3.377719046522045798e-01,5.835444366332368515e-01
1.164950720649390870e-01,2.821179239297719188e-01
3.093257461284645848e-01,6.508489490125003440e-01
3.153842679327178294e-02,5.068553078980979343e-02
3.955499356752054108e-02,1.582764668981265499e-01
5.824745136163662212e-02,7.342522693442248005e-02
1.468840689053889925e-01,3.133293016974900702e-01
6.857124015394053251e-02,1.826330335712551822e-01
2.345690192606070812e-01,4.211936447361667168e-01
5.167701859479161691e-02,1.225938435663212200e-01
3.844121760663462561e-01,5.147234123524894178e-01
6.288775961608694676e-01,7.871136940710224961e-01
1.525697714185033360e-01,3.731942652030362795e-01
1.272544268511603127e-01,2.567197062771602312e-01
2.769912767075248805e-01,4.702563889900465699e-01
1.861166842333392690e-01,4.025549955047728057e-01
2.103196925354360591e-01,4.900933328701844172e-01
1.210321438195526428e-01,2.562928017175096773e-01
1.552828963119782246e-01,3.643717239652270456e-01
1.110307755717034606e-01,2.930540312350529142e-01
1.625786433479207427e-01,3.437579145406484127e-01
1.549577158749422257e-01,3.883789112753542327e-01
3.381717510844916008e-01,6.823899775067564510e-01
7.539963628031556842e-02,2.192446018427931242e-01
1.652368713205767115e-01,3.861093745416770417e-01
9.556843303746381801e-02,2.123911644195924098e-01
5.313357066229148357e-02,1.653736532011660099e-01
1.042546524615407810e-01,2.637221751462571762e-01
1.681553090461440636e-01,4.106340010533828799e-01
1.998797099575305436e-01,3.921791563648913681e-01
1.857812374349637474e-01,4.355327755174415727e-01
1.128055202384804362e-01,2.553525304788510364e-01
3.877000570795075540e-01,4.705413356311953788e-01
3.632001163161506785e-01,3.901615330512927526e-01
5.746791222417462625e-02,1.351912962180909505e-01
1.569940141885258766e-01,3.151518119489611358e-01
5.257554171817965250e-01,8.441950077695259402e-01
1.410175529601604694e-01,3.328207423623951167e-01
1.820017531908144359e-01,4.101548602732988935e-01
3.598368201511792930e-01,7.042393088942415780e-01
3.685150886378902313e-01,5.618687970927062070e-01
7.323517240985104315e-02,1.032695619812334931e-01
1.215931491952596255e-01,3.029133662255322768e-01
1.069755896955043861e-01,1.456488742112671264e-01
1.376605286252861327e-01,3.078264611971152087e-01
1.157963155356954155e-01,3.045835574263399126e-01
1.093035940390956196e-01,2.221903717449797977e-01
7.925758672897451063e-02,3.784286501013981452e-01
7.645015150065670451e-01,9.223963913925176117e-01
1.780546491666471776e-01,2.686151155193045037e-01
1.995811320957338042e-01,3.550292138504083650e-01
1.482358388363231583e-01,3.320370681991132722e-01
1.498395153872355834e-01,4.004893751496464982e-01
1.534248018490315946e-01,4.365084308114576817e-01
3.232516962703159136e-01,5.636640024259331749e-01
1.165211129864696521e-01,2.479747415702707736e-01
1.070264467491462979e-01,2.616765557987156265e-01
2.405483137150601636e-01,4.713347910034223487e-01
1.231911569552347901e-01,3.362495454615239687e-01
8.924529897528313271e-02,1.835567254313398566e-01
1.231714366242365466e-01,3.379842181252175060e-01
8.624746184518965186e-02,2.521351801204543830e-01
9.944462545699452038e-02,1.259760236779991771e-01
3.768353858081976426e-01,6.068469946521185543e-01
1.603082750436767290e-01,4.016356370851862922e-01
3.855509757976648411e-01,7.229792769707472644e-01
1.311378510146311849e-01,3.336815349434025246e-01
1.383838334945977078e-01,2.835369902812860943e-01
8.847169117053195475e-02,2.527255672446440671e-01
1.105611278715888102e-01,1.883338147839082044e-01
7.495852327140845039e-02,1.753041157311848453e-01
3.923688233841008399e-01,5.559335006382757349e-01
3.261800757641231674e-01,4.710418055037857710e-01
3.512945308433338965e-01,6.121495750923481305e-01
5.535065459376306007e-01,6.396035949986839109e-01
7.228162544843982351e-01,8.792675644795353573e-01
1.875527538821987750e-01,3.813056393837662150e-01
4.982159152155121729e-01,7.065906262522921866e-01
1.174868950441355503e-01,3.301277285810705897e-01
1.701258887469503100e-01,3.174765489821660402e-01
1.822853495730752948e-01,3.296622697333752572e-01
8.496811766883070050e-01,9.328894203816819886e-01
1.992869532175055025e-01,4.269322436025685952e-01
1.534073927552517536e-01,3.104255496841324957e-01
1.434628040424110740e-01,3.350949063870413691e-01
2.439589691079325218e-01,5.268787944663907430e-01
1.355209436592635097e-01,3.485524073465595674e-01
2.907515896708252612e-01,4.892358873498011684e-01
1.141061540433095101e-01,2.886656315938193607e-01
7.574168797890751259e-01,9.257434327959397358e-01
4.417129306024360907e-02,1.013750275596313200e-01
8.006492851121195242e-01,8.939822125988258206e-01
1.233140480602494954e-01,2.047521216149007506e-01
1.543981284944395682e-01,3.394413320020470137e-01
6.662053680077074658e-01,8.560026062597259067e-01
1.124995556688693360e-01,2.988550411551802455e-01
1.799615202296844241e-01,3.749319724903690254e-01
3.541419379393653116e-02,9.970331634304295532e-02
4.137581334546621692e-01,8.465279036042617777e-01
1.640156561463730067e-01,3.574928479911476109e-01
1.554079322663244611e-01,3.281939030172683069e-01
1.422688860958359336e-01,2.566929696720378073e-01
2.694029865328234630e-01,4.308139951399901912e-01
1.011258552823951218e-01,2.899500372771112167e-01
3.924950603362472451e-02,1.019186114521831305e-01
2.876126444523867121e-01,6.277137731632798090e-01
1.510022984423187442e-01,3.544855867239845582e-01
2.002401981972393719e-01,4.260526439717028935e-01
1.333857431411443195e-01,3.475884017322474207e-01
2.969951380132725416e-01,5.543212823164124226e-01
1.180803788964461115e-01,2.966773704956978119e-01
1.814271319842740982e-01,4.586855201088856915e-01
2.030040091972447613e-01,4.585636088441338853e-01
1.732238166568526166e-02,6.537857954160290752e-02
2.607223221590471152e-01,3.574125045287651070e-01
1.598579864361882596e-01,3.586285006006365017e-01
8.393240885136878104e-02,2.367303377933236974e-01
2.165812745799827310e-03,2.314186768814765344e-02
4.635682409011498417e-01,8.175078967785964768e-01
1.064911196137456467e-01,1.648345820340420265e-01
7.043793245955799476e-01,9.257962505154599953e-01
2.157873010104529865e-01,5.226421483128773637e-01
1.093606022906198072e-01,2.732730089725360356e-01
1.145912318174541061e-01,2.560537672294108114e-01
6.598217891500008925e-01,8.730114395251212800e-01
2.780407896816383673e-01,5.695753524170190651e-01
1.880536186290201472e-01,3.677205925461199398e-01
1.699774530262997962e-01,3.747520467318528059e-01
1.500682965252429779e-01,2.405836082574507595e-01
1.761779879634700896e-01,3.441457763062021336e-01
7.516708678961935008e-02,2.147122316569011202e-01
2.120596873522531678e-01,3.270263389581011815e-01
1.338771081806570951e-01,2.414707996337950302e-01
1.260015956049453378e-01,2.729551006279923864e-01
2.403572061060825493e-01,4.750513312760404339e-01
1.921179053098432121e-01,3.832248390082364509e-01
6.864430005913044752e-01,9.261374845929942756e-01
4.842329510051328334e-02,9.335769580636114895e-02
1.659836662132206930e-01,3.570797767480680673e-01
6.964637303989630601e-02,1.758098149965550139e-01
1.536552889460635618e-01,2.659687027685738170e-01
2.387622091873656538e-01,4.162258255440500765e-01
1.377682306889443375e-01,2.862670421163239776e-01
3.460067342956346104e-01,5.980517998956316195e-01
3.356356131753583938e-01,6.813535314672259924e-01
1.277369405771027200e-01,2.720007199480440896e-01
1.990369337507299219e-01,4.397347025582016289e-01
1.647323192719679086e-01,3.365787526517309836e-01
3.286251784971199186e-01,8.494318598999606174e-01
9.238557688092767506e-02,2.397825219257385954e-01
1.003005112526353798e-01,2.076737074412485784e-01
5.041553092243983292e-01,7.889546421263370357e-01
1.277933210492622484e-01,2.700812112812902566e-01
1.537540677433585634e-01,3.327378078294382369e-01
5.360188687978238720e-02,1.228573388796339316e-01
1.794625805489280246e-01,3.059458885518946403e-01
1.027537265141228451e-01,1.748184406787226530e-01
1.717183656918959411e-01,4.010630414741784833e-01
9.246979461003872192e-02,2.424719718956687420e-01
7.867296498205728073e-02,1.871210151852922832e-01
7.263486527771738643e-01,8.683025143454454753e-01
3.420598073727742494e-01,5.069238581858092063e-01
1.100694888369436741e-01,3.037511505610645535e-01
1.817762867569301943e-01,3.604577882375888387e-01
1.378630412180264220e-01,2.807507506728629254e-01
9.801760047251852070e-02,2.469558402368820238e-01
5.995070988873645312e-01,8.162049153656014688e-01
2.927212789708714263e-02,3.921964735616236680e-02
1.190762158249644848e-01,2.661063812826034436e-01
1.103089134709632352e-01,2.349732150253969476e-01
1.974136740015024205e-01,4.512415485827704908e-01
1.624200223600113513e-01,3.894322590108238447e-01
7.819139211829163605e-01,9.090320803225131474e-01
2.182165666989047126e-01,4.490072725661644060e-01
2.849860551385283713e-01,5.888133765809014930e-01
1.014172269237931662e-01,2.813482997413913056e-01
7.923373014389317737e-01,9.322599354140381767e-01
1.860908427169871704e-01,4.141354595326147692e-01
8.558203174295338223e-02,2.340439235378439509e-01
1.380359992663928448e-01,3.451900478575762321e-01
1.478595804552753079e-01,2.070766127327486050e-01
2.424175142107818370e-01,3.656115452977433677e-01
5.261080654545190888e-02,1.157448013650231033e-01
2.095697835331725711e-01,3.260982633895300742e-01
1.626082580489306151e-01,4.204104197363743856e-01
1.019536113650971604e-01,2.147251942880104292e-01
1.254039979729631993e-01,2.186754128693457755e-01
1.696838828070700023e-01,3.234914197177836126e-01
3.794894841230917609e-02,2.361719441426183563e-01
2.621161070077674959e-01,5.064367953220909602e-01
7.327573952256491441e-02,1.139378927073457504e-01
6.545255016073781018e-02,7.980452860133985249e-02
9.168952609529203157e-02,2.193193011875166631e-01
1.225140277399631716e-01,2.568383957332343592e-01
3.005275715827755434e-01,6.332666825058852478e-01
1.143445083139949248e-01,2.478045666669391467e-01
1.038072488057717457e-01,2.588588768516918437e-01
1.102415589525578832e-01,2.025788628486064058e-01
1.704570587906584778e-01,3.238850769169788757e-01
5.666869592886549789e-01,8.732018253555442477e-01
1.110585989265943652e-01,2.241298018769445344e-01
9.485101921009810033e-02,2.343719734429125234e-01
6.038483500922493530e-01,8.268209353837002729e-01
1.301067975129847343e-01,2.911633348122088516e-01
1.701188448325642311e-01,3.137987566587133736e-01
8.030348678840340537e-02,1.846508924876737179e-01
2.061495546207744445e-01,3.888722222772588166e-01
5.400643024067992570e-01,8.180346624697067970e-01
1.511243247303482029e-01,3.606988354796157314e-01
3.912036372055088806e-01,6.302238661501520234e-01
1.801754998036225186e-01,4.092127754881114132e-01
2.830256407782136274e-01,4.608889700660770417e-01
2.202082828590954389e-01,4.599148460530309568e-01
1.676409460405024199e-01,2.172465836848091747e-01
1.321841514970198417e-01,2.687678588760067377e-01
7.377870510495782019e-02,6.060564939815011459e-02
1.515043294063085633e-01,3.296067322148043544e-01
1.244565365823282754e-01,3.364888466766928210e-01
3.676978167105364459e-02,1.116915087075932012e-01
1.551428826458577659e-01,3.290456014616441882e-01
8.521798077178373287e-02,2.064748854561888058e-01
1.554256611290850965e-01,3.395912674491776695e-01
1.158154333408777797e-01,2.640861089933490558e-01
2.289520194158983085e-02,4.615115177434036403e-02
8.506164083959970312e-02,1.868869546876515686e-01
2.494243728579520203e-01,4.320485886866727299e-01
1.623306297774522455e-01,3.272007803495939893e-01
1.563114447074928359e-01,3.202642785082109311e-01
1.312721070339900320e-01,3.015136526244837079e-01
5.694671328214421374e-02,1.908168479177371757e-01
1.781414842293747858e-01,3.365938881195568722e-01
1.969052652520340285e-01,3.768442286628463367e-01
6.505170903660563442e-02,1.737797196356267726e-01
5.327242354710085698e-02,1.333950181676414881e-01
2.121284692121540305e-01,3.729356650222561131e-01
1.298192115031215899e-01,3.477739698134565960e-01
9.831042457464882200e-02,2.365770791602774814e-01
1.120035749614241155e-01,2.118065512818268770e-01
2.128026152522765335e-01,4.569515574011674408e-01
1.532829190954338450e-01,3.249882244820408439e-01
9.730471123615901108e-02,2.836887690772541548e-01
1.488220679510466049e-01,3.623985855670832090e-01
3.915869408413633623e-01,5.104248765686898448e-01
1.899109376477872424e-01,3.793416862875776951e-01
1.485234304882888656e-01,3.968547021525322127e-01
1.227253544641461608e-01,2.192418056027435336e-01
8.343886393968118209e-02,1.778677218316370434e-01
2.256289914253876983e-01,2.196741815000739506e-01
1.428874539453781067e-01,3.639755955455438174e-01
6.148298423370529564e-01,8.535165970389390067e-01
1.450206633737750606e-01,3.572891039480042830e-01
5.846757009134276317e-02,1.797527206618615980e-01
8.115384723534382894e-02,2.336959871614693318e-01
8.782443375885946868e-02,2.915268855029711781e-01
1.261401139591397658e-01,2.763596327023561949e-01
6.598386256764386670e-02,2.237027578186443488e-01
1.789290113171156937e-01,3.190183743111399406e-01
3.446051200400400694e-01,5.007458887540412462e-01
1.820966511066401949e-01,4.781985877164751098e-01
2.157077250230091947e-01,3.368990951330241845e-01
1.423019287860417259e-01,3.594189594465252435e-01
4.596616165769514817e-01,7.294221562993298269e-01
1.465840168251227038e-01,3.905218216173987900e-01
5.322696694174221532e-01,8.380083321733912127e-01
2.801583969217212311e-01,6.169817990163048993e-01
5.450610074253184334e-02,1.982355422250346444e-01
3.118991454570947397e-01,4.970216285006381352e-01
6.227059672232982956e-01,8.312290208422887794e-01
1.953019158898982033e-01,3.837908085024068217e-01
5.213576813385731867e-01,7.261130669647082314e-01
8.317626888615887726e-01,9.348775094958501342e-01
1.541629234612802990e-01,3.891337287128554534e-01
7.425586317206586129e-01,8.529948906309173795e-01
1.334079630042471487e-01,3.141613478671665405e-01
1.990379361580924822e-01,3.014368351006594948e-01
8.646378625445165500e-02,2.208154123421553483e-01
2.432154952371695378e-01,5.880899261513595766e-01
1.665699465013708580e-01,3.478791641335834961e-01
7.049437917497560768e-01,8.943867074630015290e-01
9.473775163409686728e-02,2.799095300556488364e-01
8.077082312850768220e-02,1.834568443198947296e-01
1.730745791697470559e-01,3.592629753067260179e-01
9.696520054097569619e-02,2.471383369332191271e-01
2.599047842847914125e-01,4.766876386506491703e-01
7.558581980014117407e-01,9.152286337802619798e-01
2.363889339420184588e-01,4.645140218879112437e-01
1.630286931251690441e-01,3.176412319987010346e-01
1.461615238719302656e-01,2.904821952033472265e-01
6.786903428621399170e-02,1.672448622347947333e-01
1.942477617606861162e-01,4.289484713719192710e-01
1.105910422617386035e-01,2.981205895897771074e-01
4.720639444186986583e-02,1.539213594865665724e-01
3.045575947640701275e-01,5.075413462978323187e-01
3.602489095787915208e-01,6.792296094969210163e-01
1.276842375882528968e-01,3.096106514731493675e-01
1.867941495713526245e-01,3.438746820914146407e-01
2.412747442118678975e-02,1.066759651994578922e-01
1.284282444090218966e-01,2.799055572862993446e-01
1.555702397250952884e-01,3.188505610009319535e-01
3.209031339104596592e-01,6.269925528831107320e-01
1.013290369963601029e-01,1.855591437379232878e-01
9.511006465314128522e-02,2.114096823162761873e-01
1.113809995011353915e-01,2.884927086718497291e-01
8.371580258288992271e-02,1.796883768544969007e-01
1.582955419163752653e-01,3.468424741914156173e-01
1.439495504062003606e-01,3.016343611542108838e-01
1.501336805796177343e-01,2.677192862897915249e-01
1.375417540179512677e-01,2.941278357167715352e-01
1.046038116661694162e-01,1.936960291657784106e-01
1.790442556919877304e-01,4.203336060377381722e-01
4.012622345244878930e-02,8.363386222952896853e-02
1.142223923917893569e-01,2.990948229548776593e-01
4.446776857414992401e-01,7.195642067276976084e-01
1.632287793422139976e-01,3.629548962677649482e-01
2.204990384671934867e-01,3.056425797941640932e-01
1.457641671127946348e-01,3.591200124331015986e-01
7.256471510173513328e-01,9.032285400013685406e-01
2.254819082508919825e-01,4.062453924107906067e-01
1.314806899533182416e-01,2.701515702483148762e-01
1.017211661295872732e-01,1.739052811879163996e-01
6.156069975855205795e-02,2.189532776491609489e-01
1.246241823496496148e-01,2.252710010674392749e-01
9.901677095440863940e-02,1.161124987015014487e-01
5.714568812567419331e-02,1.857182512250780682e-01
5.876216423994327920e-02,1.317998675052147739e-01
6.874673475406448686e-01,8.877332307456777816e-01
1.508981196022493865e-01,4.719744825721454706e-01
5.486430291773870815e-02,2.574111840127921158e-01
2.435198401234185683e-01,5.462187283209252175e-01
6.811600760456502923e-02,1.858456437305141540e-01
1.283032756162095778e-01,2.646395844534639719e-01
6.588061238747450199e-02,1.847597001838606756e-01
9.178668408980229509e-01,9.890377246515300591e-01
9.144778383503861241e-02,2.479526196899162205e-01
6.873028612494172518e-02,2.118933367433709081e-01
1.103558769829797032e-01,2.569371106065952426e-01
6.523720017528811255e-01,8.824998984003911140e-01
1.572746200760584134e-01,3.989395751646516164e-01
8.614860717637108645e-02,2.516171787651221847e-01
3.521641364021336762e-01,6.383293026434039286e-01
1.154342902801290260e-01,2.044039219869042412e-01
7.392485670214314630e-02,1.488347258209181678e-01
1.971106918991401280e-01,4.033375211843017172e-01
5.475051807384451186e-01,8.720395869449898418e-01
2.030900686418382062e-01,3.634736758918237221e-01
1.347792668502149627e-01,3.090643474962949666e-01
6.647800622552255678e-01,8.373837262757736211e-01
8.526735895820065914e-02,2.234609672990237328e-01
8.629922359958427935e-02,2.573631186310496033e-01
1.528529765801288076e-01,3.252837266861438037e-01
1.704297437735758092e-01,3.798543643086805255e-01
1.257567108494672681e-01,3.076455674461791578e-01
1.020907855952210841e-01,2.341933807462254213e-01
6.073249608171567004e-01,8.467499832788094594e-01
3.004362721944278114e-01,5.760036059726265645e-01
6.800243263331093857e-01,8.702893204467128108e-01
1.370732397242677425e-01,2.892966516297598711e-01
1.761333506809577010e-01,3.202679850078560264e-01
2.216783873705636398e-01,4.342857301450832042e-01
2.029144442182187202e-01,3.977101395352716229e-01
1.744380519346355740e-01,3.679062022051295400e-01
4.667922968435102987e-02,9.645079702380826570e-02
1.643073453540482010e-01,1.918157196786860752e-01
2.600894734057587754e-01,5.015734194371094246e-01
1.141537843486833403e-01,3.044545056634664904e-01
2.131978904000894626e-01,4.916594886251656749e-01
6.922220384291990491e-01,9.588432893968160675e-01
1.312153370042535849e-01,2.331107692845501012e-01
2.196742323969718136e-01,4.153190495481384747e-01
1.116791041966404968e-01,1.243728323114010464e-01
2.560068991811931260e-01,6.358889330823317421e-01
6.480341833173933197e-02,2.195165564173906514e-01
1.996408060958550779e-01,2.899224149442848342e-01
7.983621403025773500e-01,9.097742744291799077e-01
5.515474254596149789e-02,2.090649074708201549e-01
1.858210624404509070e-01,3.969316585543808951e-01
5.554126665751688563e-01,8.642398004564295633e-01
1.426912339278154362e-01,3.166247886502198683e-01
2.894607558511204728e-02,6.671353109059502406e-02
1.007808275303623824e-01,1.922586104073703006e-01
3.435478068036476040e-01,5.669078853102216264e-01
1.256014999427491619e-01,3.251285322064817462e-01
2.510210049301344060e-01,4.792539394779916084e-01
3.882531732003223768e-01,6.322919505476949364e-01
2.665366420965508687e-01,2.779400998813304491e-01
2.761218601793204441e-01,4.240441140380345475e-01
4.213972362126165994e-01,6.830650956840498278e-01
7.130153379752380838e-01,9.036913678929803240e-01
1.477429669490883668e-01,3.370775327573108937e-01
6.506023189523900407e-02,1.578756820781874459e-01
6.484456085194695296e-02,1.619680528425722910e-01
1.366876713207824390e-01,4.497474275072878003e-01
3.921857887728080749e-02,9.056578672994569645e-02
1.121831294936257162e-01,2.997754649669516214e-01
1.921971112583700791e-01,4.014659127445205367e-01
1.643183877939153048e-01,3.340261594579462257e-01
6.401283698069472339e-02,7.431124611288630888e-02
3.249420590683456678e-01,5.967173529686061739e-01
1.914485668168989796e-01,3.597404075119024491e-01
3.169754160416697886e-01,5.106660756816746582e-01
8.401472386185723784e-02,3.279936135108062478e-01
6.633962074007057619e-02,1.631287845384250534e-01
3.916978476690914368e-01,7.187074462540578024e-01
5.244114999703072821e-02,1.447472125279470057e-01
1.961478648087274512e-01,4.314664541945451015e-01
2.086223694361151182e-01,3.947854283859392743e-01
7.679454588180047170e-02,1.707024294446262414e-01
2.454022784319008499e-02,1.023611992970986928e-01
2.341036332567308226e-02,6.281234939414902241e-02
1.931084498617426926e-01,4.347884739327162462e-01
2.082465181173734012e-02,4.892378568339712797e-02
8.742765587751174516e-01,9.667077718982665102e-01
3.856217444606423878e-02,1.191868104594170641e-01
6.684806931257354368e-01,8.477635155291187719e-01
7.910033445990076462e-02,2.033039953015391144e-01
1.122762981934989496e-01,3.355815696801351944e-01
2.190784547951978023e-01,4.362368791505029098e-01
2.614251735863227788e-01,5.894887130623326366e-01
1.333981045795409048e-01,2.968482649536117735e-01
1.171427313174203816e-01,2.035392906830928439e-01
5.695412204486071522e-02,1.494152183965786473e-01
2.698763695463703427e-01,3.722074828270104940e-01
4.642206631428678898e-02,1.884987258855196079e-01
1.380394873740963535e-01,3.209062388848533121e-01
4.576796856506758909e-02,1.516186764312421054e-01
3.068428698158762735e-01,5.242323691630516036e-01
7.087120919328528112e-02,1.799719652609667597e-01
1.285691234624875834e-01,2.728879671128892070e-01
1.704994084105072860e-01,2.450143998024405245e-01
9.469606858679069372e-02,2.121315998066036768e-01
1.354825329653376875e-01,2.833340622651234209e-01
1.286816016517278172e-01,2.986217370762643819e-01
1.528204419543811032e-01,3.301404679880097781e-01
1.606777845868250232e-01,3.092609320232597714e-01
2.451894849552486710e-01,5.172209253168541521e-01
1.250641969588118241e-01,3.341393358818769421e-01
2.161496485830902703e-01,4.414352280354587044e-01
8.229487446324346145e-01,9.473494223230818356e-01
7.887992527140903765e-02,6.420637088055949904e-02
5.673053836790568905e-02,1.534340958771594765e-01
2.090265652697801402e-01,3.490353050000135626e-01
4.877290611069219350e-01,7.575176910937845287e-01
3.091825997482612332e-01,5.385439484300400537e-01
2.735437363011686274e-01,5.268162296225066266e-01
1.924588672969287373e-01,4.754507035316568597e-01
1.969311212039726033e-01,5.489273766127017451e-01
1.743174801603351309e-01,4.462475532151861657e-01
1.635648946392174730e-01,3.141767308809026993e-01
1.113535808597523463e-01,1.906377314795927036e-01
1.366312025758615600e-01,3.594138309926896424e-01
1.374810546319356064e-01,2.618696268333827737e-01
4.201074485809260239e-01,7.418130246762244528e-01
2.438572488671506000e-01,4.911833193387306062e-01
2.023981700478417467e-01,3.026689305034835353e-01
1.758733565999928972e-01,3.955797359581351147e-01
3.752775352494452377e-01,6.826238927078676078e-01
9.794776085950696043e-02,2.935377645612137765e-01
1.377217952227054731e-01,2.660274412725252557e-01
1.192416180128020586e-01,2.675516875739659128e-01
8.335536661294966343e-02,1.947199929074184266e-01
4.588702367961371986e-01,7.880297707213511638e-01
7.350253019508332653e-01,9.038893543059245417e-01
1.383006813598005036e-01,2.750277143219298503e-01
1.799556079942141729e-01,3.859568582561035965e-01
9.382941958031508489e-02,2.308229430383159086e-01
5.938122583199340054e-01,6.051340960709088446e-01
1.054609619551722804e-01,2.943821515155254365e-01
1.297554961029969423e-01,3.305508501170230096e-01
4.435381479180787734e-01,6.737635997944360078e-01
4.894338861938669905e-02,1.410614895042474615e-01
1.755089547660763083e-01,4.009053708991971998e-01
1.275044533977904848e-01,2.908283115902620120e-01
1.231767793747027689e-01,3.415186182361680256e-01
2.988583716553470659e-01,5.395521223247494724e-01
2.331477758116580756e-01,3.903957193273607240e-01
3.700698817471203550e-01,6.659145638313529458e-01
2.102492993855596404e-01,5.428174304691136820e-01
1.347057479057200136e-01,2.680577739074438970e-01
2.089033549212606367e-01,3.994622608284459919e-01
3.748578436955442017e-01,6.678065362025109586e-01
1.660452630099746585e-01,2.872349284410323778e-01
9.527001709390459094e-02,1.782128879375731723e-01
1.557668741076558006e-01,4.166691912649371221e-01
1.054387595903624464e-01,2.469491481284972478e-01
2.055959427891624336e-01,3.618187041507340829e-01
1.721731050369219862e-01,3.838781522786576805e-01
7.172289237174835075e-02,1.338930503557149987e-01
2.543491005586365206e-01,4.521328890882851392e-01
1.068477402747672472e-01,3.489890673500834484e-01
7.170869865640571161e-01,8.758831277437747476e-01
7.344199278959496757e-01,9.098051082008224988e-01
1.722506466566369743e-01,3.839760688710135983e-01
8.352040772949868852e-02,1.824823383838351243e-01
5.563039300491546824e-01,8.502478400883360932e-01
1.552607459192151818e-01,3.876929986409766715e-01
1.286350186978784671e-01,3.885811292623362334e-01
6.898442015567669838e-02,1.912725816542639734e-01
1.657604328450725251e-01,4.472753516373005334e-01
4.233088445876809769e-01,6.932070888669527031e-01
1.671359156063927098e-01,3.644396010767317895e-01
9.805748839608498246e-02,2.174359361107891520e-01
1.160201760658686326e-01,2.338840196183488429e-01
1.597361804111499806e-01,3.733875965785608542e-01
1.423831917137658165e-01,2.981993883822869895e-01
1.310846182774845770e-01,3.677247397507901749e-01
5.653539090739216899e-01,8.651883891984820663e-01
1.899919055423759939e-01,3.884017622015495941e-01
1.367753918313606154e-01,3.376309618827491588e-01
4.364184605273104256e-01,7.528187460634231387e-01
5.386504372811536934e-01,8.563522549943111128e-01
1.020399777276812248e-01,2.140511216329330779e-01
1.509188456476414364e-01,3.991298193977755870e-01
1.471280878921331636e-01,2.898384710018587218e-01
3.668482547569894281e-02,7.442619462666347219e-02
6.813925309413833287e-02,1.800275515632304701e-01
1.202203764026681804e-01,2.721989523909720821e-01
2.808721532506437413e-01,5.318097698776800275e-01
4.809971987706820329e-01,7.069475610602514726e-01
1.421899166476502108e-01,2.730209878724059736e-01
1.944288132679982128e-01,2.376211451733061530e-01
1.147145794588623341e-01,2.467885063432208592e-01
6.586508488709477138e-01,8.795136185302168119e-01
1.125260813616633417e-02,1.931448153025293046e-01
1.010685758905547141e-02,3.979423096764774653e-02
1.585545051234631408e-01,2.865448049955489629e-01
6.060022449752192064e-02,1.477416024575644860e-01
1.235511722766367837e-01,3.731336594121472672e-01
2.196974572247984148e-01,3.968726020234578655e-01
1.095317589308664324e-01,2.621813024989237961e-01
1.596030731756271914e-01,3.070635392206865211e-01
1.644527062734527922e-01,3.428751724880390594e-01
1.728936076354505580e-01,3.409770478479470790e-01
9.567289057981595568e-02,1.908109143039186661e-01
2.879786118817749818e-01,5.092491478572087615e-01
7.462339930365904928e-02,1.839361408148423027e-01
3.225259682249164567e-02,2.458012033422662251e-02
2.143300031912433457e-01,3.924089631601919703e-01
3.950231519308521760e-02,9.528994464673865017e-02
8.166733177579653391e-02,2.110130282738624241e-01
2.813210085067960331e-01,5.439765867600766525e-01
1.615907973439729695e-01,3.115903061055335654e-01
8.172669029797843820e-02,1.579899853900882667e-01
1.115666426646949455e-01,2.807690239709777491e-01
1.370088795492806488e-01,3.256046531325998417e-01
4.458262281167402197e-02,1.820830491658587402e-01
4.943640424896156293e-02,1.393814295940035419e-01
2.820209824462068249e-01,3.776511396233305229e-01
3.881443090601568446e-01,6.420260017707066780e-01
5.761466001266341008e-01,7.746226894613503777e-01
5.588144327992305288e-02,6.900284790553626313e-02
2.471947829643187655e-01,5.192663325099549088e-01
1.693026744770511072e-01,3.787570144079255297e-01
6.546113500181397482e-01,8.355538408771661096e-01
1.652892315897932021e-02,5.395356005247472359e-02
1.498657435914767799e-01,3.710316294560818684e-01
7.398183492801182481e-01,8.981280281886401262e-01
1.686720879402319462e-01,3.678237257936979310e-01
1.181053757922870262e-01,3.019238163019063448e-01
1.750514102797393889e-01,3.886470810121028796e-01
1.606907165630050982e-01,3.517569231737146529e-01
1.430526593518549050e-01,2.888504791139815397e-01
2.208937420128062323e-01,4.659648209965617793e-01
1.748208838002850429e-01,3.936290169144219808e-01
1.419696996965452707e-01,2.937359360829817079e-01
6.525708906525068409e-01,8.383147892841893434e-01
1.463318092350816280e-01,3.392411856670211612e-01
1.578970354496097295e-01,2.761656685304879622e-01
3.658671291336088593e-01,5.849282682167286085e-01
1.681207429449488866e-01,3.896314406258321039e-01
9.153427766517342745e-02,2.134150684604509685e-01
3.125596309377483978e-02,8.580895632103448245e-02
1.197174734631228782e-01,2.337396579069768443e-01
2.799981647329575218e-01,5.807564989582927328e-01
9.455804775351121794e-02,2.131027145539263479e-01
1.865970205778763047e-01,3.410636126030541782e-01
1.307775826030607991e-01,2.616694383016474057e-01
3.078280491226993987e-01,4.857735131812976337e-01
1.058616320015669382e-01,2.049864346761012257e-01
7.688110029102183107e-01,9.396079974981346172e-01
1.361597554643808050e-01,3.750044244434619367e-01
4.885419315079437413e-02,1.700602116722574886e-01
5.514285337794233577e-01,8.487419734398382598e-01
1.621799825153816543e-01,3.888266635491514633e-01
2.953851567940227185e-01,6.042443401486449206e-01
1.302750125897610134e-01,3.041573982739224635e-01
